"dteday","season","yr","mnth","holiday","weekday","workingday","weathersit","temp","atemp","hum","windspeed","casual","registered","cnt"
"2011-01-01","winter",0,"January","No","Saturday","No","Moderate",8.175849,7.99925,0.805833,10.749882,331,654,985
"2011-01-02","winter",0,"January","No","Sunday","No","Moderate",9.083466,7.346774,0.696087,16.652113,131,670,801
"2011-01-03","winter",0,"January","No","Monday","Yes","Good",1.229108,-3.49927,0.437273,16.636703,120,1229,1349
"2011-01-04","winter",0,"January","No","Tuesday","Yes","Good",1.4,-1.999948,0.590435,10.739832,108,1454,1562
"2011-01-05","winter",0,"January","No","Wednesday","Yes","Good",2.666979,-0.868180000000001,0.436957,12.5223,82,1518,1600
"2011-01-06","winter",0,"January","No","Thursday","Yes","Good",1.604356,-0.608205999999999,0.518261,6.0008684,88,1518,1606
"2011-01-07","winter",0,"January","No","Friday","Yes","Moderate",1.236534,-2.216626,0.498696,11.304642,148,1362,1510
"2011-01-08","winter",0,"January","No","Saturday","No","Moderate",-0.244999999999999,-5.291236,0.535833,17.875868,68,891,959
"2011-01-09","winter",0,"January","No","Sunday","No","Good",-1.498349,-8.33245,0.434167,24.25065,54,768,822
"2011-01-10","winter",0,"January","No","Monday","Yes","Good",-0.910849000000001,-6.041392,0.482917,14.958889,41,1280,1321
"2011-01-11","winter",0,"January","No","Tuesday","Yes","Moderate",-0.0527230000000003,-3.363376,0.686364,8.182844,43,1220,1263
"2011-01-12","winter",0,"January","No","Wednesday","Yes","Good",0.118169,-5.408782,0.599545,20.410009,25,1137,1162
"2011-01-13","winter",0,"January","No","Thursday","Yes","Good",-0.244999999999999,-6.041722,0.470417,20.167,38,1368,1406
"2011-01-14","winter",0,"January","No","Friday","Yes","Good",-0.439109999999999,-3.564742,0.537826,8.478716,54,1367,1421
"2011-01-15","winter",0,"January","No","Saturday","No","Moderate",2.966651,0.375392000000002,0.49875,10.583521,222,1026,1248
"2011-01-16","winter",0,"January","No","Sunday","No","Good",2.888349,-0.541677999999999,0.48375,12.625011,251,953,1204
"2011-01-17","winter",0,"January","Yes","Monday","No","Moderate",0.264151,-4.333114,0.5375,12.999139,117,883,1000
"2011-01-18","winter",0,"January","No","Tuesday","Yes","Moderate",2.183349,-0.666022,0.861667,9.833925,9,674,683
"2011-01-19","winter",0,"January","No","Wednesday","Yes","Moderate",5.732178,3.695852,0.741739,13.957239,78,1572,1650
"2011-01-20","winter",0,"January","No","Thursday","Yes","Moderate",4.298349,0.833300000000001,0.538333,13.125568,83,1844,1927
"2011-01-21","winter",0,"January","No","Friday","Yes","Good",0.342499999999999,-5.583022,0.457083,23.667214,75,1468,1543
"2011-01-22","winter",0,"January","No","Saturday","No","Good",-5.2208712,-10.7814064,0.4,11.52199,93,888,981
"2011-01-23","winter",0,"January","No","Sunday","No","Good",-3.4634801,-9.4766194,0.436522,16.5222,150,836,986
"2011-01-24","winter",0,"January","No","Monday","Yes","Good",-3.4226089,-8.21662,0.491739,10.60811,86,1330,1416
"2011-01-25","winter",0,"January","No","Tuesday","Yes","Moderate",2.503466,-0.521284,0.616957,8.696332,186,1799,1985
"2011-01-26","winter",0,"January","No","Wednesday","Yes","Bad",2.2225,-2.5624,0.8625,19.68795,34,472,506
"2011-01-27","winter",0,"January","No","Thursday","Yes","Good",1.165,-1.4998,0.6875,7.627079,15,416,431
"2011-01-28","winter",0,"January","No","Friday","Yes","Moderate",1.563466,-1.261078,0.793043,8.2611,38,1129,1167
"2011-01-29","winter",0,"January","No","Saturday","No","Good",1.236534,-1.999684,0.651739,9.739455,123,975,1098
"2011-01-30","winter",0,"January","No","Sunday","No","Good",2.176534,0.521252,0.722174,4.9568342,140,956,1096
"2011-01-31","winter",0,"January","No","Monday","Yes","Moderate",0.499150999999999,-3.7075,0.60375,12.541864,42,1459,1501
"2011-02-01","winter",0,"February","No","Tuesday","Yes","Moderate",1.032178,-0.52102,0.829565,3.565271,47,1313,1360
"2011-02-02","winter",0,"February","No","Wednesday","Yes","Moderate",4.22,0.791522,0.775417,17.708636,72,1454,1526
"2011-02-03","winter",0,"February","No","Thursday","Yes","Good",0.786979,-4.260052,0.437826,18.609384,61,1489,1550
"2011-02-04","winter",0,"February","No","Friday","Yes","Moderate",1.931288,-0.913257999999999,0.585217,8.565213,88,1620,1708
"2011-02-05","winter",0,"February","No","Saturday","No","Moderate",2.966651,0.0418279999999989,0.929167,10.792293,100,905,1005
"2011-02-06","winter",0,"February","No","Sunday","No","Good",5.434151,3.250286,0.568333,9.5006,354,1269,1623
"2011-02-07","winter",0,"February","No","Monday","Yes","Good",4.768349,4.041428,0.738333,3.0423561,120,1592,1712
"2011-02-08","winter",0,"February","No","Tuesday","Yes","Good",2.379151,-2.915764,0.537917,24.25065,64,1466,1530
"2011-02-09","winter",0,"February","No","Wednesday","Yes","Moderate",-1.665199,-6.477322,0.494783,12.652213,53,1552,1605
"2011-02-10","winter",0,"February","No","Thursday","Yes","Good",-1.215644,-6.129832,0.437391,14.869645,47,1491,1538
"2011-02-11","winter",0,"February","No","Friday","Yes","Good",0.887277000000001,-1.908406,0.506364,7.27285,149,1597,1746
"2011-02-12","winter",0,"February","No","Saturday","No","Good",2.4575,-0.625036,0.544167,13.625589,288,1184,1472
"2011-02-13","winter",0,"February","No","Sunday","No","Good",6.876534,5.391458,0.457391,17.479161,397,1192,1589
"2011-02-14","winter",0,"February","No","Monday","Yes","Good",11.505,10.2911,0.375833,27.999836,208,1705,1913
"2011-02-15","winter",0,"February","No","Tuesday","Yes","Good",4.506089,0.782084000000001,0.314348,19.522058,140,1675,1815
"2011-02-16","winter",0,"February","No","Wednesday","Yes","Good",6.958267,4.8692,0.423478,16.869997,218,1897,2115
"2011-02-17","winter",0,"February","No","Thursday","Yes","Good",12.484151,12.291428,0.505,15.416968,259,2216,2475
"2011-02-18","winter",0,"February","No","Friday","Yes","Good",16.518349,17.790878,0.516667,17.749975,579,2348,2927
"2011-02-19","winter",0,"February","No","Saturday","No","Good",10.760849,9.832664,0.187917,34.000021,532,1103,1635
"2011-02-20","winter",0,"February","No","Sunday","No","Good",5.405199,2.30378,0.407826,14.956745,639,1173,1812
"2011-02-21","winter",0,"February","Yes","Monday","No","Moderate",6.256651,2.74895,0.605,20.625682,195,912,1107
"2011-02-22","winter",0,"February","No","Tuesday","Yes","Good",0.564434,-3.721822,0.577778,13.110761,74,1376,1450
"2011-02-23","winter",0,"February","No","Wednesday","Yes","Good",2.421733,0.217321999999999,0.423043,6.305571,139,1778,1917
"2011-02-24","winter",0,"February","No","Thursday","Yes","Moderate",5.895644,3.086606,0.697391,16.783232,100,1707,1807
"2011-02-25","winter",0,"February","No","Friday","Yes","Moderate",9.124356,7.130426,0.712174,23.218113,120,1341,1461
"2011-02-26","winter",0,"February","No","Saturday","No","Good",5.2775,2.624672,0.537917,12.500257,424,1545,1969
"2011-02-27","winter",0,"February","No","Sunday","No","Good",8.143466,7.173194,0.68,8.391616,694,1708,2402
"2011-02-28","winter",0,"February","No","Monday","Yes","Moderate",11.141831,10.407788,0.876364,19.408962,81,1365,1446
"2011-03-01","winter",0,"March","No","Tuesday","Yes","Good",4.533349,1.416014,0.535,14.500475,137,1714,1851
"2011-03-02","winter",0,"March","No","Wednesday","Yes","Good",7.745,5.124686,0.449583,20.624811,231,1903,2134
"2011-03-03","winter",0,"March","No","Thursday","Yes","Good",1.321651,-2.791222,0.318333,15.125518,123,1562,1685
"2011-03-04","winter",0,"March","No","Friday","Yes","Moderate",4.298349,0.874814000000001,0.610417,13.624182,214,1730,1944
"2011-03-05","winter",0,"March","No","Saturday","No","Moderate",10.055849,8.999414,0.789167,16.875357,640,1437,2077
"2011-03-06","winter",0,"March","No","Sunday","No","Moderate",9.696534,8.172632,0.948261,23.000229,114,491,605
"2011-03-07","winter",0,"March","No","Monday","Yes","Good",4.301733,-0.261574,0.551304,22.870584,244,1628,1872
"2011-03-08","winter",0,"March","No","Tuesday","Yes","Good",5.7475,3.9584,0.420833,8.08355,316,1817,2133
"2011-03-09","winter",0,"March","No","Wednesday","Yes","Moderate",5.904151,2.916128,0.775417,14.75005,191,1700,1891
"2011-03-10","winter",0,"March","No","Thursday","Yes","Bad",10.287277,9.454088,0,17.545759,46,577,623
"2011-03-11","winter",0,"March","No","Friday","Yes","Moderate",6.876534,4.13,0.649565,15.60899,247,1730,1977
"2011-03-12","winter",0,"March","No","Saturday","No","Good",7.470849,5.4995,0.594583,14.791925,724,1408,2132
"2011-03-13","winter",0,"March","No","Sunday","No","Good",10.064356,9.086006,0.527391,18.130468,982,1435,2417
"2011-03-14","winter",0,"March","No","Monday","Yes","Good",7.285199,5.912,0.496957,9.174042,359,1687,2046
"2011-03-15","winter",0,"March","No","Tuesday","Yes","Moderate",6.917377,4.999748,0.655652,12.348703,289,1767,2056
"2011-03-16","winter",0,"March","No","Wednesday","Yes","Moderate",9.165199,8.21738,0.776522,13.608839,321,1871,2192
"2011-03-17","winter",0,"March","No","Thursday","Yes","Good",11.505,11.081978,0.602917,14.041793,424,2320,2744
"2011-03-18","winter",0,"March","No","Friday","Yes","Good",17.38,18.782594,0.525217,15.478139,884,2355,3239
"2011-03-19","winter",0,"March","No","Saturday","No","Good",14.2075,14.79065,0.379167,24.667189,1424,1693,3117
"2011-03-20","winter",0,"March","No","Sunday","No","Good",7.6275,5.4995,0.47375,13.917307,1047,1424,2471
"2011-03-21","spring",0,"March","No","Monday","Yes","Moderate",12.230445,11.04251,0.737391,19.348461,401,1676,2077
"2011-03-22","spring",0,"March","No","Tuesday","Yes","Good",12.758349,13.082372,0.624583,15.12525,460,2243,2703
"2011-03-23","spring",0,"March","No","Wednesday","Yes","Moderate",8.306979,6.303974,0.839565,15.695487,203,1918,2121
"2011-03-24","spring",0,"March","No","Thursday","Yes","Moderate",5.395,1.874978,0.805833,16.333729,166,1699,1865
"2011-03-25","spring",0,"March","No","Friday","Yes","Good",4.415849,0.916591999999998,0.495,15.458575,300,1910,2210
"2011-03-26","spring",0,"March","No","Saturday","No","Good",4.494151,0.999686,0.394167,14.041257,981,1515,2496
"2011-03-27","spring",0,"March","No","Sunday","No","Moderate",3.893021,0.522373999999999,0.493913,12.3481,472,1221,1693
"2011-03-28","spring",0,"March","No","Monday","Yes","Good",4.424356,0.999884000000002,0.302174,14.217668,222,1806,2028
"2011-03-29","spring",0,"March","No","Tuesday","Yes","Good",6.2175,3.331928,0.314167,15.208732,317,2108,2425
"2011-03-30","spring",0,"March","No","Wednesday","Yes","Moderate",6.1,3.6251,0.646667,11.583496,168,1368,1536
"2011-03-31","spring",0,"March","No","Thursday","Yes","Bad",4.611651,0.999949999999998,0.918333,14.582282,179,1506,1685
"2011-04-01","spring",0,"April","No","Friday","Yes","Moderate",6.1,2.707964,0.68625,17.333436,307,1920,2227
"2011-04-02","spring",0,"April","No","Saturday","No","Moderate",6.805,4.832042,0.65375,13.208782,898,1354,2252
"2011-04-03","spring",0,"April","No","Sunday","No","Good",9.781651,8.998622,0.48,12.208271,1651,1598,3249
"2011-04-04","spring",0,"April","No","Monday","Yes","Good",18.946651,19.833314,0.42625,25.833257,734,2381,3115
"2011-04-05","spring",0,"April","No","Tuesday","Yes","Moderate",11.465849,10.2911,0.642083,26.000489,167,1628,1795
"2011-04-06","spring",0,"April","No","Wednesday","Yes","Good",10.369151,9.582128,0.470833,17.625221,413,2395,2808
"2011-04-07","spring",0,"April","No","Thursday","Yes","Good",12.5625,12.623936,0.602917,10.874904,571,2570,3141
"2011-04-08","spring",0,"April","No","Friday","Yes","Moderate",7.784151,5.415614,0.83625,15.208464,172,1299,1471
"2011-04-09","spring",0,"April","No","Saturday","No","Moderate",8.0975,6.540914,0.8775,8.916561,879,1576,2455
"2011-04-10","spring",0,"April","No","Sunday","No","Moderate",12.053349,12.164642,0.8575,9.833389,1188,1707,2895
"2011-04-11","spring",0,"April","No","Monday","Yes","Moderate",19.995644,21.304322,0.716956,21.739758,855,2493,3348
"2011-04-12","spring",0,"April","No","Tuesday","Yes","Moderate",15.6175,16.541564,0.739167,18.416893,257,1777,2034
"2011-04-13","spring",0,"April","No","Wednesday","Yes","Moderate",11.3875,11.540678,0.819167,16.791339,209,1953,2162
"2011-04-14","spring",0,"April","No","Thursday","Yes","Good",13.9725,14.540972,0.540417,7.4169,529,2738,3267
"2011-04-15","spring",0,"April","Yes","Friday","No","Good",12.993349,13.166258,0.67125,15.167125,642,2484,3126
"2011-04-16","spring",0,"April","No","Saturday","No","Bad",12.249151,12.082472,0.888333,22.834136,121,674,795
"2011-04-17","spring",0,"April","No","Sunday","No","Good",13.463349,13.415936,0.479583,20.334232,1558,2186,3744
"2011-04-18","spring",0,"April","No","Monday","Yes","Good",16.0875,17.207636,0.5425,10.958989,669,2760,3429
"2011-04-19","spring",0,"April","No","Tuesday","Yes","Moderate",15.774151,16.291028,0.665833,10.584057,409,2795,3204
"2011-04-20","spring",0,"April","No","Wednesday","Yes","Good",19.965,21.249872,0.614167,16.208975,613,3331,3944
"2011-04-21","spring",0,"April","No","Thursday","Yes","Good",13.580849,13.956872,0.407083,21.792286,745,3444,4189
"2011-04-22","spring",0,"April","No","Friday","Yes","Moderate",7.823349,5.248964,0.729583,14.707907,177,1506,1683
"2011-04-23","spring",0,"April","No","Saturday","No","Moderate",13.62,13.707986,0.887917,15.458575,1462,2574,4036
"2011-04-24","spring",0,"April","No","Sunday","No","Moderate",19.338349,20.416358,0.810833,12.875725,1710,2481,4191
"2011-04-25","spring",0,"April","No","Monday","Yes","Good",20.513349,21.917,0.776667,12.417311,773,3300,4073
"2011-04-26","spring",0,"April","No","Tuesday","Yes","Good",21.688349,23.209478,0.729167,21.8755,678,3722,4400
"2011-04-27","spring",0,"April","No","Wednesday","Yes","Moderate",21.14,21.959372,0.835417,20.9174,547,3325,3872
"2011-04-28","spring",0,"April","No","Thursday","Yes","Moderate",21.0225,22.209314,0.700833,21.500836,569,3489,4058
"2011-04-29","spring",0,"April","No","Friday","Yes","Good",15.97,16.832558,0.457083,16.084221,878,3717,4595
"2011-04-30","spring",0,"April","No","Saturday","No","Good",14.2075,14.625386,0.503333,15.750025,1965,3347,5312
"2011-05-01","spring",0,"May","No","Sunday","No","Moderate",13.228349,13.581464,0.762083,7.125718,1138,2213,3351
"2011-05-02","spring",0,"May","No","Monday","Yes","Moderate",17.810849,19.166978,0.73,12.291418,847,3554,4401
"2011-05-03","spring",0,"May","No","Tuesday","Yes","Moderate",20.983349,22.417214,0.697083,22.958689,603,3848,4451
"2011-05-04","spring",0,"May","No","Wednesday","Yes","Moderate",11.465849,10.7069,0.737083,22.042732,255,2378,2633
"2011-05-05","spring",0,"May","No","Thursday","Yes","Good",13.580849,13.166522,0.444167,19.791264,614,3819,4433
"2011-05-06","spring",0,"May","No","Friday","Yes","Good",14.520849,15.291722,0.59,15.292482,894,3714,4608
"2011-05-07","spring",0,"May","No","Saturday","No","Good",16.44,17.832986,0.54125,10.75015,1612,3102,4714
"2011-05-08","spring",0,"May","No","Sunday","No","Good",16.831651,18.249578,0.631667,5.0007125,1401,2932,4333
"2011-05-09","spring",0,"May","No","Monday","Yes","Good",17.0275,18.666236,0.58875,11.792,664,3698,4362
"2011-05-10","spring",0,"May","No","Tuesday","Yes","Good",17.0275,18.499586,0.489167,7.749957,694,4109,4803
"2011-05-11","spring",0,"May","No","Wednesday","Yes","Good",17.4975,18.8744,0.632917,8.083014,550,3632,4182
"2011-05-12","spring",0,"May","No","Thursday","Yes","Good",17.145,18.541958,0.7475,12.707689,695,4169,4864
"2011-05-13","spring",0,"May","No","Friday","Yes","Moderate",16.0875,16.6238,0.863333,12.041575,692,3413,4105
"2011-05-14","spring",0,"May","No","Saturday","No","Moderate",16.479151,17.041514,0.9225,9.04165,902,2507,3409
"2011-05-15","spring",0,"May","No","Sunday","No","Moderate",18.4375,19.376,0.867083,10.249593,1582,2971,4553
"2011-05-16","spring",0,"May","No","Monday","Yes","Good",19.1425,20.333792,0.787917,8.500357,773,3185,3958
"2011-05-17","spring",0,"May","No","Tuesday","Yes","Moderate",18.398349,19.542914,0.837917,18.582718,678,3445,4123
"2011-05-18","spring",0,"May","No","Wednesday","Yes","Moderate",17.85,18.792428,0.87,13.499964,536,3319,3855
"2011-05-19","spring",0,"May","No","Thursday","Yes","Moderate",16.949151,17.708972,0.829583,7.250271,735,3840,4575
"2011-05-20","spring",0,"May","No","Friday","Yes","Good",17.223349,18.916772,0.719583,8.375871,909,4008,4917
"2011-05-21","spring",0,"May","No","Saturday","No","Good",20.3175,21.75035,0.626667,8.08355,2258,3547,5805
"2011-05-22","spring",0,"May","No","Sunday","No","Good",20.395849,21.917,0.749583,9.916536,1576,3084,4660
"2011-05-23","spring",0,"May","No","Monday","Yes","Moderate",21.688349,22.959536,0.81,15.667414,836,3438,4274
"2011-05-24","spring",0,"May","No","Tuesday","Yes","Moderate",23.02,23.917658,0.740833,13.875164,659,3833,4492
"2011-05-25","spring",0,"May","No","Wednesday","Yes","Good",23.059151,24.625772,0.69625,10.333611,740,4238,4978
"2011-05-26","spring",0,"May","No","Thursday","Yes","Good",25.291651,27.209408,0.6775,13.376014,758,3919,4677
"2011-05-27","spring",0,"May","No","Friday","Yes","Good",24.038349,26.042528,0.65375,16.125493,871,3808,4679
"2011-05-28","spring",0,"May","No","Saturday","No","Good",22.824151,24.417014,0.729583,15.416164,2001,2757,4758
"2011-05-29","spring",0,"May","No","Sunday","No","Good",23.3725,24.6263,0.81875,14.333846,2355,2433,4788
"2011-05-30","spring",0,"May","Yes","Monday","No","Good",26.466651,28.292072,0.685,8.792075,1549,2549,4098
"2011-05-31","spring",0,"May","No","Tuesday","Yes","Good",28.425,31.875278,0.636667,7.459043,673,3309,3982
"2011-06-01","spring",0,"June","No","Wednesday","Yes","Moderate",27.915849,31.583822,0.677083,13.875164,513,3461,3974
"2011-06-02","spring",0,"June","No","Thursday","Yes","Good",25.605,26.500172,0.305,19.583229,736,4232,4968
"2011-06-03","spring",0,"June","No","Friday","Yes","Good",21.14,22.750778,0.354167,16.959107,898,4414,5312
"2011-06-04","spring",0,"June","No","Saturday","No","Good",21.845,23.249936,0.45625,8.250514,1869,3473,5342
"2011-06-05","spring",0,"June","No","Sunday","No","Moderate",22.471651,24.709064,0.6525,9.292364,1685,3221,4906
"2011-06-06","spring",0,"June","No","Monday","Yes","Good",23.881651,25.042628,0.6,8.167032,673,3875,4548
"2011-06-07","spring",0,"June","No","Tuesday","Yes","Good",25.2525,27.2927,0.597917,12.583136,763,4070,4833
"2011-06-08","spring",0,"June","No","Wednesday","Yes","Good",28.464151,32.000414,0.622083,9.166739,676,3725,4401
"2011-06-09","spring",0,"June","No","Thursday","Yes","Moderate",29.991651,34.000214,0.568333,10.042161,563,3352,3915
"2011-06-10","spring",0,"June","No","Friday","Yes","Good",27.485,30.417272,0.605,9.417118,815,3771,4586
"2011-06-11","spring",0,"June","No","Saturday","No","Good",26.075,28.750508,0.654583,10.37495,1729,3237,4966
"2011-06-12","spring",0,"June","No","Sunday","No","Good",24.5475,26.45945,0.747917,10.958989,1467,2993,4460
"2011-06-13","spring",0,"June","No","Monday","Yes","Good",21.845,23.709164,0.494583,20.45845,863,4157,5020
"2011-06-14","spring",0,"June","No","Tuesday","Yes","Good",20.395849,23.042036,0.507083,18.041961,727,4164,4891
"2011-06-15","spring",0,"June","No","Wednesday","Yes","Good",21.453349,22.791764,0.471667,11.250104,769,4411,5180
"2011-06-16","spring",0,"June","No","Thursday","Yes","Moderate",21.531651,23.292836,0.688333,13.833557,545,3222,3767
"2011-06-17","spring",0,"June","No","Friday","Yes","Good",22.510849,23.625278,0.735833,9.582943,863,3981,4844
"2011-06-18","spring",0,"June","No","Saturday","No","Good",24.743349,26.500964,0.670417,8.000336,1807,3312,5119
"2011-06-19","spring",0,"June","No","Sunday","No","Moderate",24.860849,26.625836,0.666667,6.834,1639,3105,4744
"2011-06-20","spring",0,"June","No","Monday","Yes","Moderate",21.845,23.292836,0.74625,10.416825,699,3311,4010
"2011-06-21","summer",0,"June","No","Tuesday","Yes","Moderate",23.999151,26.084636,0.770417,11.458675,774,4061,4835
"2011-06-22","summer",0,"June","No","Wednesday","Yes","Good",26.466651,29.792714,0.7075,11.541554,661,3846,4507
"2011-06-23","summer",0,"June","No","Thursday","Yes","Moderate",26.231651,29.792978,0.703333,15.999868,746,4044,4790
"2011-06-24","summer",0,"June","No","Friday","Yes","Good",26.035849,27.334478,0.573333,14.875675,969,4022,4991
"2011-06-25","summer",0,"June","No","Saturday","No","Good",24.665,26.458658,0.483333,14.041257,1782,3420,5202
"2011-06-26","summer",0,"June","No","Sunday","No","Good",23.96,26.083514,0.513333,6.3337311,1920,3385,5305
"2011-06-27","summer",0,"June","No","Monday","Yes","Moderate",24.0775,26.042264,0.658333,7.208396,854,3854,4708
"2011-06-28","summer",0,"June","No","Tuesday","Yes","Good",26.975849,29.708828,0.634167,9.666961,732,3916,4648
"2011-06-29","summer",0,"June","No","Wednesday","Yes","Good",26.231651,27.209408,0.497917,17.542007,848,4377,5225
"2011-06-30","summer",0,"June","No","Thursday","Yes","Good",24.743349,26.042528,0.434167,12.415904,1027,4488,5515
"2011-07-01","summer",0,"July","No","Friday","Yes","Good",25.9575,27.042692,0.39625,6.874736,1246,4116,5362
"2011-07-02","summer",0,"July","No","Saturday","No","Good",26.701651,28.042328,0.444583,7.709154,2204,2915,5119
"2011-07-03","summer",0,"July","No","Sunday","No","Moderate",25.683349,28.12595,0.6825,15.333486,2282,2367,4649
"2011-07-04","summer",0,"July","Yes","Monday","No","Moderate",26.153349,27.917522,0.637917,5.4591064,3065,2978,6043
"2011-07-05","summer",0,"July","No","Tuesday","Yes","Good",27.093349,29.958308,0.590417,8.459286,1031,3634,4665
"2011-07-06","summer",0,"July","No","Wednesday","Yes","Good",25.84,29.251778,0.743333,10.042161,784,3845,4629
"2011-07-07","summer",0,"July","No","Thursday","Yes","Good",27.25,29.333486,0.65125,10.6664,754,3838,4592
"2011-07-08","summer",0,"July","No","Friday","Yes","Moderate",25.330849,28.251878,0.757917,15.083643,692,3348,4040
"2011-07-09","summer",0,"July","No","Saturday","No","Good",26.466651,27.834428,0.609167,11.250104,1988,3348,5336
"2011-07-10","summer",0,"July","No","Sunday","No","Good",27.1325,29.54165,0.578333,12.292557,1743,3138,4881
"2011-07-11","summer",0,"July","No","Monday","Yes","Good",27.8375,32.167064,0.635833,18.916579,723,3363,4086
"2011-07-12","summer",0,"July","No","Tuesday","Yes","Good",29.325849,32.79215,0.559167,13.417018,662,3596,4258
"2011-07-13","summer",0,"July","No","Wednesday","Yes","Good",27.093349,29.500664,0.631667,9.790911,748,3594,4342
"2011-07-14","summer",0,"July","No","Thursday","Yes","Good",23.999151,25.916864,0.47625,16.124689,888,4196,5084
"2011-07-15","summer",0,"July","No","Friday","Yes","Good",23.176651,25.208486,0.59125,12.249811,1318,4220,5538
"2011-07-16","summer",0,"July","No","Saturday","No","Good",24.273349,26.125358,0.585,13.958914,2418,3505,5923
"2011-07-17","summer",0,"July","No","Sunday","No","Good",25.800849,28.208978,0.604167,16.417211,2006,3296,5302
"2011-07-18","summer",0,"July","No","Monday","Yes","Good",27.093349,30.45905,0.65125,14.458868,841,3617,4458
"2011-07-19","summer",0,"July","No","Tuesday","Yes","Good",28.503349,33.333614,0.650417,8.7502,752,3789,4541
"2011-07-20","summer",0,"July","No","Wednesday","Yes","Good",28.111651,33.2921,0.707083,7.625739,644,3688,4332
"2011-07-21","summer",0,"July","No","Thursday","Yes","Moderate",30.305,38.540486,0.69125,14.875407,632,3152,3784
"2011-07-22","summer",0,"July","No","Friday","Yes","Good",31.871651,39.499136,0.580417,8.9177,562,2825,3387
"2011-07-23","summer",0,"July","No","Saturday","No","Good",31.910849,37.082942,0.5,8.791807,987,2298,3285
"2011-07-24","summer",0,"July","No","Sunday","No","Good",31.01,36.458714,0.550833,11.334457,1050,2556,3606
"2011-07-25","summer",0,"July","No","Monday","Yes","Good",26.936651,31.583228,0.757083,6.0841561,568,3272,3840
"2011-07-26","summer",0,"July","No","Tuesday","Yes","Good",28.268349,30.000614,0.540833,13.417286,750,3840,4590
"2011-07-27","summer",0,"July","No","Wednesday","Yes","Good",28.425,29.584022,0.402917,12.292021,755,3901,4656
"2011-07-28","summer",0,"July","No","Thursday","Yes","Good",28.620849,32.8334,0.583333,11.958093,606,3784,4390
"2011-07-29","summer",0,"July","No","Friday","Yes","Good",31.401651,35.873822,0.5425,11.667246,670,3176,3846
"2011-07-30","summer",0,"July","No","Saturday","No","Good",29.795849,32.083442,0.465833,11.291979,1559,2916,4475
"2011-07-31","summer",0,"July","No","Sunday","No","Good",29.874151,32.166536,0.480833,11.042471,1524,2778,4302
"2011-08-01","summer",0,"August","No","Monday","Yes","Good",28.268349,30.417272,0.550833,10.500039,729,3537,4266
"2011-08-02","summer",0,"August","No","Tuesday","Yes","Good",28.816651,30.666686,0.49125,13.79195,801,4044,4845
"2011-08-03","summer",0,"August","No","Wednesday","Yes","Moderate",26.388349,28.875842,0.6575,9.084061,467,3107,3574
"2011-08-04","summer",0,"August","No","Thursday","Yes","Moderate",25.37,27.876008,0.7575,13.20905,799,3777,4576
"2011-08-05","summer",0,"August","No","Friday","Yes","Good",25.409151,27.333422,0.630833,12.374632,1023,3843,4866
"2011-08-06","summer",0,"August","No","Saturday","No","Moderate",25.683349,28.626164,0.755,15.29275,1521,2773,4294
"2011-08-07","summer",0,"August","No","Sunday","No","Good",26.8975,31.209272,0.752917,13.499629,1298,2487,3785
"2011-08-08","summer",0,"August","No","Monday","Yes","Good",27.955,30.416678,0.592083,12.875725,846,3480,4326
"2011-08-09","summer",0,"August","No","Tuesday","Yes","Good",28.425,31.791986,0.570417,10.125107,907,3695,4602
"2011-08-10","summer",0,"August","No","Wednesday","Yes","Good",28.033349,29.208878,0.424167,13.417286,884,3896,4780
"2011-08-11","summer",0,"August","No","Thursday","Yes","Good",25.7225,27.000386,0.42375,11.041332,812,3980,4792
"2011-08-12","summer",0,"August","No","Friday","Yes","Good",25.291651,27.166772,0.415,8.416607,1051,3854,4905
"2011-08-13","summer",0,"August","No","Saturday","No","Moderate",24.234151,26.626628,0.729583,14.167418,1504,2646,4150
"2011-08-14","summer",0,"August","No","Sunday","No","Moderate",23.803349,25.209608,0.8175,14.916411,1338,2482,3820
"2011-08-15","summer",0,"August","No","Monday","Yes","Good",23.294151,24.667022,0.712083,13.999918,775,3563,4338
"2011-08-16","summer",0,"August","No","Tuesday","Yes","Good",24.939151,26.625242,0.578333,15.834043,721,4004,4725
"2011-08-17","summer",0,"August","No","Wednesday","Yes","Good",25.996651,28.000286,0.575417,9.625689,668,4026,4694
"2011-08-18","summer",0,"August","No","Thursday","Yes","Good",25.448349,27.709028,0.654583,15.624936,639,3166,3805
"2011-08-19","summer",0,"August","No","Friday","Yes","Moderate",24.195,25.792586,0.722917,9.333636,797,3356,4153
"2011-08-20","summer",0,"August","No","Saturday","No","Good",24.7825,26.833736,0.674167,6.999289,1914,3277,5191
"2011-08-21","summer",0,"August","No","Sunday","No","Good",25.409151,28.58465,0.77,16.666518,1249,2624,3873
"2011-08-22","summer",0,"August","No","Monday","Yes","Good",24.508349,26.124764,0.47,18.54225,833,3925,4758
"2011-08-23","summer",0,"August","No","Tuesday","Yes","Good",22.119151,24.000422,0.455417,9.833121,1281,4614,5895
"2011-08-24","summer",0,"August","No","Wednesday","Yes","Good",23.646651,25.625672,0.605,16.958236,949,4181,5130
"2011-08-25","summer",0,"August","No","Thursday","Yes","Moderate",24.155849,26.626364,0.771667,14.125811,435,3107,3542
"2011-08-26","summer",0,"August","No","Friday","Yes","Good",24.9,27.542378,0.76125,5.6254875,768,3893,4661
"2011-08-27","summer",0,"August","No","Saturday","No","Moderate",23.96,25.946696,0.85,25.166339,226,889,1115
"2011-08-28","summer",0,"August","No","Sunday","No","Good",25.231773,26.765294,0.561765,20.412153,1415,2919,4334
"2011-08-29","summer",0,"August","No","Monday","Yes","Good",21.923349,24.125228,0.554583,10.708275,729,3905,4634
"2011-08-30","summer",0,"August","No","Tuesday","Yes","Good",22.040849,23.250464,0.548333,8.375536,775,4429,5204
"2011-08-31","summer",0,"August","No","Wednesday","Yes","Good",22.863349,24.333986,0.597917,5.5833311,688,4370,5058
"2011-09-01","summer",0,"September","No","Thursday","Yes","Good",22.785,24.584786,0.639167,9.500332,783,4332,5115
"2011-09-02","summer",0,"September","No","Friday","Yes","Moderate",22.236651,23.917328,0.727083,9.375243,875,3852,4727
"2011-09-03","summer",0,"September","No","Saturday","No","Good",23.450849,25.792058,0.716667,12.416775,1935,2549,4484
"2011-09-04","summer",0,"September","No","Sunday","No","Good",25.330849,27.918314,0.742083,13.833289,2521,2419,4940
"2011-09-05","summer",0,"September","Yes","Monday","No","Moderate",23.646651,25.292636,0.790417,14.250632,1236,2115,3351
"2011-09-06","summer",0,"September","No","Tuesday","Yes","Bad",17.38,18.0032,0.886957,23.044181,204,2506,2710
"2011-09-07","summer",0,"September","No","Wednesday","Yes","Bad",20.160849,19.919114,0.917083,6.5003936,118,1878,1996
"2011-09-08","summer",0,"September","No","Thursday","Yes","Bad",21.793911,20.653826,0.939565,12.914116,153,1689,1842
"2011-09-09","summer",0,"September","No","Friday","Yes","Moderate",22.55,22.210436,0.897917,8.333393,417,3127,3544
"2011-09-10","summer",0,"September","No","Saturday","No","Good",23.02,24.125492,0.75375,10.291736,1750,3595,5345
"2011-09-11","summer",0,"September","No","Sunday","No","Good",22.706651,24.209114,0.71375,7.708618,1633,3413,5046
"2011-09-12","summer",0,"September","No","Monday","Yes","Good",22.284356,23.74058,0.692174,5.957171,690,4023,4713
"2011-09-13","summer",0,"September","No","Tuesday","Yes","Good",22.589151,23.834564,0.7125,9.500868,701,4062,4763
"2011-09-14","summer",0,"September","No","Wednesday","Yes","Good",23.646651,25.3754,0.697083,11.2091,647,4138,4785
"2011-09-15","summer",0,"September","No","Thursday","Yes","Moderate",19.1425,20.542286,0.709167,18.166782,428,3231,3659
"2011-09-16","summer",0,"September","No","Friday","Yes","Moderate",14.050849,14.45735,0.590417,11.000261,742,4018,4760
"2011-09-17","summer",0,"September","No","Saturday","No","Moderate",15.108349,15.581792,0.718333,12.708225,1434,3077,4511
"2011-09-18","summer",0,"September","No","Sunday","No","Good",15.8525,16.375442,0.695,11.958361,1353,2921,4274
"2011-09-19","summer",0,"September","No","Monday","Yes","Moderate",17.810849,18.95855,0.69,10.166714,691,3848,4539
"2011-09-20","summer",0,"September","No","Tuesday","Yes","Moderate",18.398349,19.126322,0.88125,9.041918,438,3203,3641
"2011-09-21","summer",0,"September","No","Wednesday","Yes","Moderate",19.965,20.335178,0.9,6.4590814,539,3813,4352
"2011-09-22","summer",0,"September","No","Thursday","Yes","Moderate",21.531651,20.627558,0.902083,8.584375,555,4240,4795
"2011-09-23","fall",0,"September","No","Friday","Yes","Moderate",20.630849,18.46025,0.9725,5.2505689,258,2137,2395
"2011-09-24","fall",0,"September","No","Saturday","No","Moderate",20.513349,21.251192,0.8625,5.2516811,1776,3647,5423
"2011-09-25","fall",0,"September","No","Sunday","No","Moderate",21.805849,21.794042,0.845,3.3754064,1544,3466,5010
"2011-09-26","fall",0,"September","No","Monday","Yes","Moderate",22.510849,22.876772,0.848333,7.4169,684,3946,4630
"2011-09-27","fall",0,"September","No","Tuesday","Yes","Moderate",21.923349,21.91865,0.885417,7.917457,477,3643,4120
"2011-09-28","fall",0,"September","No","Wednesday","Yes","Moderate",21.845,21.960428,0.84875,9.958143,480,3427,3907
"2011-09-29","fall",0,"September","No","Thursday","Yes","Good",20.983349,21.917792,0.699167,11.583161,653,4186,4839
"2011-09-30","fall",0,"September","No","Friday","Yes","Good",18.515849,19.958714,0.6475,13.833825,830,4372,5202
"2011-10-01","fall",0,"October","No","Saturday","No","Moderate",11.27,11.248958,0.75375,19.583832,480,1949,2429
"2011-10-02","fall",0,"October","No","Sunday","No","Moderate",8.763349,6.790922,0.791667,14.874871,616,2302,2918
"2011-10-03","fall",0,"October","No","Monday","Yes","Moderate",10.055849,9.875036,0.760833,5.5841686,330,3240,3570
"2011-10-04","fall",0,"October","No","Tuesday","Yes","Good",14.755849,15.208628,0.71,13.792218,486,3970,4456
"2011-10-05","fall",0,"October","No","Wednesday","Yes","Good",17.301651,18.791108,0.647917,11.87575,559,4267,4826
"2011-10-06","fall",0,"October","No","Thursday","Yes","Good",15.225849,15.70805,0.620833,9.041918,639,4126,4765
"2011-10-07","fall",0,"October","No","Friday","Yes","Good",16.009151,17.290664,0.684167,1.5002439,949,4036,4985
"2011-10-08","fall",0,"October","No","Saturday","No","Good",16.518349,17.873972,0.70125,3.0420814,2235,3174,5409
"2011-10-09","fall",0,"October","No","Sunday","No","Good",17.419151,18.582878,0.7275,4.25115,2397,3114,5511
"2011-10-10","fall",0,"October","Yes","Monday","No","Good",18.829151,19.83305,0.73375,2.8343814,1514,3603,5117
"2011-10-11","fall",0,"October","No","Tuesday","Yes","Moderate",18.633349,20.042336,0.80875,9.583814,667,3896,4563
"2011-10-12","fall",0,"October","No","Wednesday","Yes","Bad",17.536651,18.169322,0.90625,16.62605,217,2199,2416
"2011-10-13","fall",0,"October","No","Thursday","Yes","Moderate",19.690849,20.419064,0.896667,9.499729,290,2623,2913
"2011-10-14","fall",0,"October","No","Friday","Yes","Moderate",17.889151,18.95855,0.71625,15.000161,529,3115,3644
"2011-10-15","fall",0,"October","No","Saturday","No","Good",15.813349,16.91585,0.483333,17.291561,1899,3318,5217
"2011-10-16","fall",0,"October","No","Sunday","No","Good",16.048349,17.208164,0.486667,18.875039,1748,3293,5041
"2011-10-17","fall",0,"October","No","Monday","Yes","Good",17.105849,17.70785,0.579583,11.750393,713,3857,4570
"2011-10-18","fall",0,"October","No","Tuesday","Yes","Moderate",17.0275,18.499586,0.701667,7.375829,637,4111,4748
"2011-10-19","fall",0,"October","No","Wednesday","Yes","Bad",17.461733,17.913968,0.895217,16.303713,254,2170,2424
"2011-10-20","fall",0,"October","No","Thursday","Yes","Good",14.364151,14.79065,0.63625,28.292425,471,3724,4195
"2011-10-21","fall",0,"October","No","Friday","Yes","Good",12.0925,11.957336,0.574167,14.833532,676,3628,4304
"2011-10-22","fall",0,"October","No","Saturday","No","Good",11.8575,12.082472,0.629167,6.2086689,1499,2809,4308
"2011-10-23","fall",0,"October","No","Sunday","No","Good",11.818349,11.873978,0.74125,6.6673375,1619,2762,4381
"2011-10-24","fall",0,"October","No","Monday","Yes","Good",13.776651,14.166422,0.772083,7.959064,699,3488,4187
"2011-10-25","fall",0,"October","No","Tuesday","Yes","Good",14.168349,14.58275,0.622917,11.166086,695,3992,4687
"2011-10-26","fall",0,"October","No","Wednesday","Yes","Moderate",14.755849,15.207836,0.720417,9.959014,404,3490,3894
"2011-10-27","fall",0,"October","No","Thursday","Yes","Moderate",14.09,14.165036,0.812917,13.250121,240,2419,2659
"2011-10-28","fall",0,"October","No","Friday","Yes","Moderate",7.549151,5.041592,0.585833,15.375093,456,3291,3747
"2011-10-29","fall",0,"October","No","Saturday","No","Bad",3.945849,-0.957742,0.8825,23.541857,57,570,627
"2011-10-30","fall",0,"October","No","Sunday","No","Good",7.000849,5.207714,0.62375,11.833339,885,2446,3331
"2011-10-31","fall",0,"October","No","Monday","Yes","Good",7.98,7.500158,0.703333,7.12545,362,3307,3669
"2011-11-01","fall",0,"November","No","Tuesday","Yes","Good",10.839151,10.207808,0.68375,9.083257,410,3658,4068
"2011-11-02","fall",0,"November","No","Wednesday","Yes","Good",9.7425,9.748778,0.71875,5.5001439,370,3816,4186
"2011-11-03","fall",0,"November","No","Thursday","Yes","Good",11.191651,10.790786,0.702083,9.166739,318,3656,3974
"2011-11-04","fall",0,"November","No","Friday","Yes","Moderate",10.956651,10.623872,0.6225,18.209193,470,3576,4046
"2011-11-05","fall",0,"November","No","Saturday","No","Good",7.353349,5.374364,0.519167,12.667154,1156,2770,3926
"2011-11-06","fall",0,"November","No","Sunday","No","Good",8.371651,7.915628,0.734583,6.1676314,952,2697,3649
"2011-11-07","fall",0,"November","No","Monday","Yes","Good",10.565,10.457486,0.75875,3.834075,373,3662,4035
"2011-11-08","fall",0,"November","No","Tuesday","Yes","Good",11.191651,11.208236,0.721667,4.6255125,376,3829,4205
"2011-11-09","fall",0,"November","No","Wednesday","Yes","Good",10.8,10.999214,0.758333,4.1671186,305,3804,4109
"2011-11-10","fall",0,"November","No","Thursday","Yes","Moderate",9.86,8.665586,0.813333,12.667489,190,2743,2933
"2011-11-11","fall",0,"November","Yes","Friday","No","Good",7.235849,4.249922,0.44625,21.083225,440,2928,3368
"2011-11-12","fall",0,"November","No","Saturday","No","Good",8.763349,7.624172,0.552917,14.208154,1275,2792,4067
"2011-11-13","fall",0,"November","No","Sunday","No","Good",12.719151,12.4163,0.458333,18.875307,1004,2713,3717
"2011-11-14","fall",0,"November","No","Monday","Yes","Good",16.91,18.624392,0.587083,20.541932,595,3891,4486
"2011-11-15","fall",0,"November","No","Tuesday","Yes","Moderate",16.91,17.500214,0.68875,13.375411,449,3746,4195
"2011-11-16","fall",0,"November","No","Wednesday","Yes","Bad",13.463349,13.831208,0.93,9.167543,145,1672,1817
"2011-11-17","fall",0,"November","No","Thursday","Yes","Moderate",8.058349,5.332586,0.575833,20.459254,139,2914,3053
"2011-11-18","fall",0,"November","No","Friday","Yes","Good",4.885849,1.999586,0.41,11.291711,245,3147,3392
"2011-11-19","fall",0,"November","No","Saturday","No","Good",7.470849,5.415878,0.502083,15.041232,943,2720,3663
"2011-11-20","fall",0,"November","No","Sunday","No","Moderate",13.776651,14.165828,0.684583,12.45865,787,2733,3520
"2011-11-21","fall",0,"November","No","Monday","Yes","Bad",13.0325,13.374092,0.91,9.249618,220,2545,2765
"2011-11-22","fall",0,"November","No","Tuesday","Yes","Bad",11.583349,11.831936,0.9625,7.959064,69,1538,1607
"2011-11-23","fall",0,"November","No","Wednesday","Yes","Moderate",12.719151,12.415442,0.757917,22.500275,112,2454,2566
"2011-11-24","fall",0,"November","Yes","Thursday","No","Good",9.546651,8.583086,0.549167,11.209368,560,935,1495
"2011-11-25","fall",0,"November","No","Friday","Yes","Good",9.625,9.124286,0.64375,6.6260186,1095,1697,2792
"2011-11-26","fall",0,"November","No","Saturday","No","Good",9.664151,9.415742,0.681667,4.5841936,1249,1819,3068
"2011-11-27","fall",0,"November","No","Sunday","No","Good",13.580849,14.0828,0.698333,13.999918,810,2261,3071
"2011-11-28","fall",0,"November","No","Monday","Yes","Good",15.663466,16.348052,0.743043,9.522174,253,3614,3867
"2011-11-29","fall",0,"November","No","Tuesday","Yes","Moderate",13.541651,13.79075,0.830833,17.292164,96,2818,2914
"2011-11-30","fall",0,"November","No","Wednesday","Yes","Good",7.275,4.540586,0.613333,18.167586,188,3425,3613
"2011-12-01","fall",0,"December","No","Thursday","Yes","Good",6.6875,4.166564,0.524583,14.750586,182,3545,3727
"2011-12-02","fall",0,"December","No","Friday","Yes","Good",6.765849,5.874578,0.625833,6.750518,268,3672,3940
"2011-12-03","fall",0,"December","No","Saturday","No","Good",6.060849,4.499864,0.612917,6.4174811,706,2908,3614
"2011-12-04","fall",0,"December","No","Sunday","No","Good",7.549151,7.0406,0.775833,5.6252061,634,2851,3485
"2011-12-05","fall",0,"December","No","Monday","Yes","Moderate",10.134151,9.99905,0.827083,4.1679561,233,3578,3811
"2011-12-06","fall",0,"December","No","Tuesday","Yes","Bad",13.7375,14.1224,0.949583,15.583061,126,2468,2594
"2011-12-07","fall",0,"December","No","Wednesday","Yes","Bad",11.27,10.416236,0.970417,17.833725,50,655,705
"2011-12-08","fall",0,"December","No","Thursday","Yes","Good",4.494151,0.957908,0.58,16.083886,150,3172,3322
"2011-12-09","fall",0,"December","No","Friday","Yes","Good",5.669151,4.957772,0.695833,5.5420189,261,3359,3620
"2011-12-10","fall",0,"December","No","Saturday","No","Good",4.925,1.583192,0.5075,15.625807,502,2688,3190
"2011-12-11","fall",0,"December","No","Sunday","No","Good",2.379151,0.708164,0.49,4.4582939,377,2366,2743
"2011-12-12","fall",0,"December","No","Monday","Yes","Good",3.201651,1.832936,0.670833,4.25115,143,3167,3310
"2011-12-13","fall",0,"December","No","Tuesday","Yes","Good",5.2775,3.875108,0.59,9.41685,155,3368,3523
"2011-12-14","fall",0,"December","No","Wednesday","Yes","Moderate",6.9225,6.331892,0.66375,4.0842061,178,3562,3740
"2011-12-15","fall",0,"December","No","Thursday","Yes","Moderate",11.8575,11.207642,0.634167,17.958814,181,3528,3709
"2011-12-16","fall",0,"December","No","Friday","Yes","Moderate",9.625,7.74845,0.500417,17.458525,178,3399,3577
"2011-12-17","fall",0,"December","No","Saturday","No","Moderate",4.141651,0.458486000000001,0.560833,16.292189,275,2464,2739
"2011-12-18","fall",0,"December","No","Sunday","No","Good",3.201651,0.208213999999998,0.58625,11.375193,220,2211,2431
"2011-12-19","fall",0,"December","No","Monday","Yes","Good",5.003349,2.541578,0.6375,11.584032,260,3143,3403
"2011-12-20","fall",0,"December","No","Tuesday","Yes","Moderate",10.134151,10.165964,0.595417,4.1252436,216,3534,3750
"2011-12-21","winter",0,"December","No","Wednesday","Yes","Moderate",12.131651,12.249122,0.858333,14.8338,107,2553,2660
"2011-12-22","winter",0,"December","No","Thursday","Yes","Moderate",11.896651,12.123986,0.7575,3.167425,227,2841,3068
"2011-12-23","winter",0,"December","No","Friday","Yes","Good",9.546651,8.915858,0.68625,18.374482,163,2046,2209
"2011-12-24","winter",0,"December","No","Saturday","No","Good",6.2175,3.749972,0.5425,12.750368,155,856,1011
"2011-12-25","winter",0,"December","No","Sunday","No","Good",4.914801,2.477426,0.681304,10.391097,303,451,754
"2011-12-26","winter",0,"December","Yes","Monday","No","Good",7.121733,4.82531,0.506957,16.044155,430,887,1317
"2011-12-27","winter",0,"December","No","Tuesday","Yes","Moderate",7.275,5.623778,0.7625,12.62615,103,1059,1162
"2011-12-28","winter",0,"December","No","Wednesday","Yes","Good",6.05911,2.478284,0.503913,19.695387,255,2047,2302
"2011-12-29","winter",0,"December","No","Thursday","Yes","Good",3.671651,1.416872,0.574167,8.000604,254,2169,2423
"2011-12-30","winter",0,"December","No","Friday","Yes","Good",6.648349,5.041592,0.636667,9.000579,491,2508,2999
"2011-12-31","winter",0,"December","No","Saturday","No","Good",11.27,11.331986,0.615833,14.750318,665,1820,2485
"2012-01-01","winter",1,"January","No","Sunday","No","Good",9.39,8.790986,0.6925,12.875189,686,1608,2294
"2012-01-02","winter",1,"January","Yes","Monday","No","Good",4.833021,0.652063999999999,0.381304,22.087555,244,1707,1951
"2012-01-03","winter",1,"January","No","Tuesday","Yes","Good",-0.95,-7.66585,0.44125,24.499957,89,2147,2236
"2012-01-04","winter",1,"January","No","Wednesday","Yes","Moderate",-2.9475,-8.123758,0.414583,12.3749,95,2273,2368
"2012-01-05","winter",1,"January","No","Thursday","Yes","Good",4.494151,2.375192,0.524167,8.709129,140,3132,3272
"2012-01-06","winter",1,"January","No","Friday","Yes","Good",7.705849,6.457622,0.542083,11.249836,307,3791,4098
"2012-01-07","winter",1,"January","No","Saturday","No","Good",10.486651,9.791414,0.531667,11.708786,1070,3451,4521
"2012-01-08","winter",1,"January","No","Sunday","No","Good",7.8625,6.457028,0.465,12.833314,599,2826,3425
"2012-01-09","winter",1,"January","No","Monday","Yes","Moderate",2.535849,0.333614000000001,0.701667,6.6263,106,2270,2376
"2012-01-10","winter",1,"January","No","Tuesday","Yes","Good",6.508712,5.042516,0.646522,12.565984,173,3425,3598
"2012-01-11","winter",1,"January","No","Wednesday","Yes","Moderate",4.885849,2.666186,0.8475,8.791807,92,2085,2177
"2012-01-12","winter",1,"January","No","Thursday","Yes","Moderate",9.9775,9.207908,0.802917,12.124789,269,3828,4097
"2012-01-13","winter",1,"January","No","Friday","Yes","Good",4.885849,0.457892000000001,0.5075,25.333236,174,3040,3214
"2012-01-14","winter",1,"January","No","Saturday","No","Good",0.459999999999999,-3.916258,0.4575,12.541261,333,2160,2493
"2012-01-15","winter",1,"January","No","Sunday","No","Good",-0.166651,-5.33275,0.419167,16.834286,284,2027,2311
"2012-01-16","winter",1,"January","Yes","Monday","No","Good",0.93,-3.416242,0.5225,15.500986,217,2081,2298
"2012-01-17","winter",1,"January","No","Tuesday","Yes","Moderate",9.533021,8.042348,0.716087,23.39171,127,2808,2935
"2012-01-18","winter",1,"January","No","Wednesday","Yes","Good",6.256651,2.166764,0.443333,27.833743,109,3267,3376
"2012-01-19","winter",1,"January","No","Thursday","Yes","Good",0.93,-3.457492,0.4975,14.750586,130,3162,3292
"2012-01-20","winter",1,"January","No","Friday","Yes","Moderate",2.2225,-1.416772,0.45,13.58425,115,3048,3163
"2012-01-21","winter",1,"January","No","Saturday","No","Moderate",0.146650999999999,-4.45825,0.83125,14.917014,67,1234,1301
"2012-01-22","winter",1,"January","No","Sunday","No","Moderate",-0.3625,-5.2915,0.79625,13.375746,196,1781,1977
"2012-01-23","winter",1,"January","No","Monday","Yes","Moderate",2.261651,0.0418279999999989,0.91125,7.417436,145,2287,2432
"2012-01-24","winter",1,"January","No","Tuesday","Yes","Good",8.0975,7.041128,0.835833,8.292389,439,3900,4339
"2012-01-25","winter",1,"January","No","Wednesday","Yes","Good",5.825849,3.458186,0.64375,10.791757,467,3803,4270
"2012-01-26","winter",1,"January","No","Thursday","Yes","Moderate",8.058349,7.4993,0.769583,4.9175186,244,3831,4075
"2012-01-27","winter",1,"January","No","Friday","Yes","Moderate",11.975,11.415278,0.74125,22.958689,269,3187,3456
"2012-01-28","winter",1,"January","No","Saturday","No","Good",6.844151,5.541014,0.543333,14.125543,775,3248,4023
"2012-01-29","winter",1,"January","No","Sunday","No","Good",5.2775,1.999586,0.31125,16.08335,558,2685,3243
"2012-01-30","winter",1,"January","No","Monday","Yes","Good",4.650849,1.33325,0.400833,14.458064,126,3498,3624
"2012-01-31","winter",1,"January","No","Tuesday","Yes","Good",10.33,9.166922,0.416667,17.541739,324,4185,4509
"2012-02-01","winter",1,"February","No","Wednesday","Yes","Good",14.050849,14.791508,0.507917,12.667489,304,4275,4579
"2012-02-02","winter",1,"February","No","Thursday","Yes","Moderate",10.760849,10.332086,0.672917,12.541529,190,3571,3761
"2012-02-03","winter",1,"February","No","Friday","Yes","Good",6.726651,4.416836,0.526667,11.959232,310,3841,4151
"2012-02-04","winter",1,"February","No","Saturday","No","Moderate",4.415849,1.99985,0.779583,8.167032,384,2448,2832
"2012-02-05","winter",1,"February","No","Sunday","No","Moderate",4.494151,1.458386,0.687917,11.791732,318,2629,2947
"2012-02-06","winter",1,"February","No","Monday","Yes","Good",5.282623,3.564116,0.622174,10.3046,206,3578,3784
"2012-02-07","winter",1,"February","No","Tuesday","Yes","Good",8.645849,7.832864,0.49625,9.874393,199,4176,4375
"2012-02-08","winter",1,"February","No","Wednesday","Yes","Moderate",4.063349,1.583786,0.722917,8.959307,109,2693,2802
"2012-02-09","winter",1,"February","No","Thursday","Yes","Good",4.455,1.291208,0.562083,13.000479,163,3667,3830
"2012-02-10","winter",1,"February","No","Friday","Yes","Moderate",5.199151,3.374828,0.54,7.834243,227,3604,3831
"2012-02-11","winter",1,"February","No","Saturday","No","Bad",2.535849,-2.082778,0.73125,19.416332,192,1977,2169
"2012-02-12","winter",1,"February","No","Sunday","No","Good",-2.0075,-9.290572,0.464583,27.417204,73,1456,1529
"2012-02-13","winter",1,"February","No","Monday","Yes","Good",2.4575,-0.957742,0.41125,11.207961,94,3328,3422
"2012-02-14","winter",1,"February","No","Tuesday","Yes","Moderate",7.000849,6.040436,0.50875,9.458993,135,3787,3922
"2012-02-15","winter",1,"February","No","Wednesday","Yes","Good",8.371651,7.207514,0.53125,12.1672,141,4028,4169
"2012-02-16","winter",1,"February","No","Thursday","Yes","Moderate",6.883349,5.790692,0.752917,6.125475,74,2931,3005
"2012-02-17","winter",1,"February","No","Friday","Yes","Good",8.136651,7.207514,0.634583,13.791682,349,3805,4154
"2012-02-18","winter",1,"February","No","Saturday","No","Good",8.293349,7.45805,0.534583,12.792243,1435,2883,4318
"2012-02-19","winter",1,"February","No","Sunday","No","Moderate",5.16,1.542008,0.515833,16.958504,618,2071,2689
"2012-02-20","winter",1,"February","Yes","Monday","No","Good",5.16,2.043806,0.507826,15.348561,502,2627,3129
"2012-02-21","winter",1,"February","No","Tuesday","Yes","Good",5.527822,3.477458,0.594348,13.783039,163,3614,3777
"2012-02-22","winter",1,"February","No","Wednesday","Yes","Good",10.604151,9.916022,0.567917,15.709557,394,4379,4773
"2012-02-23","winter",1,"February","No","Thursday","Yes","Good",13.345849,13.333436,0.554583,12.791171,516,4546,5062
"2012-02-24","winter",1,"February","No","Friday","Yes","Moderate",11.1525,11.124086,0.7375,15.916989,246,3241,3487
"2012-02-25","winter",1,"February","No","Saturday","No","Good",5.669151,0.874549999999999,0.395833,28.250014,317,2415,2732
"2012-02-26","winter",1,"February","No","Sunday","No","Good",5.120849,1.708328,0.41,13.750343,515,2874,3389
"2012-02-27","winter",1,"February","No","Monday","Yes","Good",9.233349,7.624964,0.490833,17.958211,253,4069,4322
"2012-02-28","winter",1,"February","No","Tuesday","Yes","Good",8.880849,7.33265,0.395833,12.958939,229,4134,4363
"2012-02-29","winter",1,"February","No","Wednesday","Yes","Moderate",8.184356,6.99902,0.804783,12.000839,65,1769,1834
"2012-03-01","winter",1,"March","No","Thursday","Yes","Good",14.834151,15.374486,0.615417,15.208129,325,4665,4990
"2012-03-02","winter",1,"March","No","Friday","Yes","Moderate",8.606651,7.749572,0.657083,9.708568,246,2948,3194
"2012-03-03","winter",1,"March","No","Saturday","No","Moderate",11.465849,11.290472,0.62125,10.792293,956,3110,4066
"2012-03-04","winter",1,"March","No","Sunday","No","Good",7.314151,3.999386,0.403333,22.416257,710,2713,3423
"2012-03-05","winter",1,"March","No","Monday","Yes","Good",3.436651,-0.0827140000000011,0.50625,15.333486,203,3130,3333
"2012-03-06","winter",1,"March","No","Tuesday","Yes","Good",4.141651,0.832771999999999,0.456667,13.458625,221,3735,3956
"2012-03-07","winter",1,"March","No","Wednesday","Yes","Good",10.995849,9.4166,0.513333,23.167193,432,4484,4916
"2012-03-08","winter",1,"March","No","Thursday","Yes","Good",16.7925,18.623864,0.5675,29.584721,486,4896,5382
"2012-03-09","winter",1,"March","No","Friday","Yes","Moderate",11.309151,10.207478,0.407083,27.7916,447,4122,4569
"2012-03-10","winter",1,"March","No","Saturday","No","Good",5.5125,2.332622,0.350417,15.12525,968,3150,4118
"2012-03-11","winter",1,"March","No","Sunday","No","Good",9.001733,7.73822,0.476957,14.913329,1658,3253,4911
"2012-03-12","winter",1,"March","No","Monday","Yes","Good",13.933349,14.333072,0.489167,13.916771,838,4460,5298
"2012-03-13","winter",1,"March","No","Tuesday","Yes","Good",18.555,19.833314,0.6175,15.87565,762,5085,5847
"2012-03-14","winter",1,"March","No","Wednesday","Yes","Good",18.9075,20.208722,0.507083,7.709154,997,5315,6312
"2012-03-15","winter",1,"March","No","Thursday","Yes","Good",18.2025,19.16645,0.579583,10.042161,1005,5187,6192
"2012-03-16","winter",1,"March","No","Friday","Yes","Moderate",12.484151,12.791114,0.842083,7.583864,548,3830,4378
"2012-03-17","winter",1,"March","No","Saturday","No","Moderate",16.165849,17.333036,0.755833,7.417168,3155,4681,7836
"2012-03-18","winter",1,"March","No","Sunday","No","Moderate",14.2075,14.624,0.81,8.501161,2207,3685,5892
"2012-03-19","winter",1,"March","No","Monday","Yes","Good",17.615,19.166186,0.72875,10.875239,982,5171,6153
"2012-03-20","winter",1,"March","No","Tuesday","Yes","Good",18.359151,19.543178,0.807917,8.125157,1051,5042,6093
"2012-03-21","spring",1,"March","No","Wednesday","Yes","Moderate",16.988349,17.875028,0.82125,6.0004061,1122,5108,6230
"2012-03-22","spring",1,"March","No","Thursday","Yes","Good",18.045849,19.083422,0.83125,7.876654,1334,5537,6871
"2012-03-23","spring",1,"March","No","Friday","Yes","Moderate",20.278349,21.624422,0.694167,7.7921,2469,5893,8362
"2012-03-24","spring",1,"March","No","Saturday","No","Moderate",15.6175,16.124378,0.885417,12.916461,1033,2339,3372
"2012-03-25","spring",1,"March","No","Sunday","No","Moderate",12.5625,12.874208,0.880833,14.791925,1532,3464,4996
"2012-03-26","spring",1,"March","No","Monday","Yes","Good",12.954151,12.9575,0.477917,25.917007,795,4763,5558
"2012-03-27","spring",1,"March","No","Tuesday","Yes","Good",7.196651,4.833164,0.29,12.541864,531,4571,5102
"2012-03-28","spring",1,"March","No","Wednesday","Yes","Good",14.755849,15.0827,0.48125,19.541957,674,5024,5698
"2012-03-29","spring",1,"March","No","Thursday","Yes","Good",15.225849,15.832064,0.439167,21.41655,834,5299,6133
"2012-03-30","spring",1,"March","No","Friday","Yes","Moderate",9.39,8.790986,0.580833,9.250489,796,4663,5459
"2012-03-31","spring",1,"March","No","Saturday","No","Moderate",11.935849,11.832728,0.738333,16.791339,2301,3934,6235
"2012-04-01","spring",1,"April","No","Sunday","No","Moderate",12.014151,11.540942,0.67625,11.541889,2347,3694,6041
"2012-04-02","spring",1,"April","No","Monday","Yes","Good",12.393911,12.215858,0.504348,20.913313,1208,4728,5936
"2012-04-03","spring",1,"April","No","Tuesday","Yes","Good",13.933349,14.457878,0.396667,6.708911,1348,5424,6772
"2012-04-04","spring",1,"April","No","Wednesday","Yes","Good",17.458349,19.2077,0.469583,12.125325,1058,5378,6436
"2012-04-05","spring",1,"April","No","Thursday","Yes","Good",12.445,12.456758,0.374167,14.708443,1192,5265,6457
"2012-04-06","spring",1,"April","No","Friday","Yes","Good",10.956651,9.790622,0.377083,20.125996,1807,4653,6460
"2012-04-07","spring",1,"April","No","Saturday","No","Good",12.5625,12.124514,0.254167,18.416357,3252,3605,6857
"2012-04-08","spring",1,"April","No","Sunday","No","Good",15.5,16.50005,0.275833,15.583932,2230,2939,5169
"2012-04-09","spring",1,"April","No","Monday","Yes","Good",14.990849,15.458108,0.3175,23.999132,905,4680,5585
"2012-04-10","spring",1,"April","No","Tuesday","Yes","Good",12.993349,12.791378,0.435,16.708125,819,5099,5918
"2012-04-11","spring",1,"April","No","Wednesday","Yes","Good",8.388712,6.260084,0.469565,19.783358,482,4380,4862
"2012-04-12","spring",1,"April","No","Thursday","Yes","Good",10.6825,9.581864,0.46625,19.458743,663,4746,5409
"2012-04-13","spring",1,"April","No","Friday","Yes","Good",12.7975,12.499328,0.408333,10.416557,1252,5146,6398
"2012-04-14","spring",1,"April","No","Saturday","No","Good",15.265,16.207736,0.502917,12.791439,2795,4665,7460
"2012-04-15","spring",1,"April","No","Sunday","No","Good",20.513349,21.87575,0.507917,15.083643,2846,4286,7132
"2012-04-16","spring",1,"April","Yes","Monday","No","Good",23.215849,24.58505,0.561667,19.083543,1198,5172,6370
"2012-04-17","spring",1,"April","No","Tuesday","Yes","Good",20.591651,23.500142,0.390417,18.333143,989,5702,6691
"2012-04-18","spring",1,"April","No","Wednesday","Yes","Moderate",13.776651,14.164508,0.569167,11.250104,347,4020,4367
"2012-04-19","spring",1,"April","No","Thursday","Yes","Good",15.421651,16.541036,0.6125,4.4172564,846,5719,6565
"2012-04-20","spring",1,"April","No","Friday","Yes","Good",16.753349,18.04115,0.694583,10.041357,1340,5950,7290
"2012-04-21","spring",1,"April","No","Saturday","No","Good",18.79,19.832786,0.682917,19.000329,2541,4083,6624
"2012-04-22","spring",1,"April","No","Sunday","No","Bad",10.643349,9.707264,0.835417,23.084582,120,907,1027
"2012-04-23","spring",1,"April","No","Monday","Yes","Moderate",7.118349,3.87425,0.766667,20.334232,195,3019,3214
"2012-04-24","spring",1,"April","No","Tuesday","Yes","Good",11.426651,10.748678,0.454167,16.708661,518,5115,5633
"2012-04-25","spring",1,"April","No","Wednesday","Yes","Good",14.403349,15.040922,0.427917,7.959064,655,5541,6196
"2012-04-26","spring",1,"April","No","Thursday","Yes","Moderate",15.421651,15.916478,0.756667,11.833875,475,4551,5026
"2012-04-27","spring",1,"April","No","Friday","Yes","Good",13.5025,13.874042,0.400833,23.291411,1014,5219,6233
"2012-04-28","spring",1,"April","No","Saturday","No","Moderate",9.703349,8.915264,0.489583,8.708325,1120,3100,4220
"2012-04-29","spring",1,"April","No","Sunday","No","Good",13.541651,13.707986,0.587083,7.832836,2229,4075,6304
"2012-04-30","spring",1,"April","No","Monday","Yes","Moderate",13.815849,14.207936,0.57,11.499746,665,4907,5572
"2012-05-01","spring",1,"May","No","Tuesday","Yes","Moderate",20.826651,22.083386,0.659583,10.458432,653,5087,5740
"2012-05-02","spring",1,"May","No","Wednesday","Yes","Good",18.515849,19.501136,0.797083,9.249886,667,5502,6169
"2012-05-03","spring",1,"May","No","Thursday","Yes","Moderate",18.32,19.457972,0.768333,8.957632,764,5657,6421
"2012-05-04","spring",1,"May","No","Friday","Yes","Good",21.4925,23.000522,0.735417,10.916846,1069,5227,6296
"2012-05-05","spring",1,"May","No","Saturday","No","Moderate",21.218349,22.584128,0.756667,10.250464,2496,4387,6883
"2012-05-06","spring",1,"May","No","Sunday","No","Moderate",18.4375,20.084642,0.74,10.041893,2135,4224,6359
"2012-05-07","spring",1,"May","No","Monday","Yes","Moderate",17.2625,18.791372,0.664167,15.458307,1008,5265,6273
"2012-05-08","spring",1,"May","No","Tuesday","Yes","Moderate",19.338349,20.793086,0.685833,19.833943,738,4990,5728
"2012-05-09","spring",1,"May","No","Wednesday","Yes","Moderate",19.025,20.49965,0.744167,14.499604,620,4097,4717
"2012-05-10","spring",1,"May","No","Thursday","Yes","Good",15.774151,16.457678,0.552083,21.042221,1026,5546,6572
"2012-05-11","spring",1,"May","No","Friday","Yes","Good",17.066651,18.374978,0.360417,15.874779,1319,5711,7030
"2012-05-12","spring",1,"May","No","Saturday","No","Good",18.515849,19.957922,0.480417,8.249911,2622,4807,7429
"2012-05-13","spring",1,"May","No","Sunday","No","Good",20.7875,22.625708,0.57625,15.082839,2172,3946,6118
"2012-05-14","spring",1,"May","No","Monday","Yes","Moderate",18.946651,20.2934,0.789583,14.250364,342,2501,2843
"2012-05-15","spring",1,"May","No","Tuesday","Yes","Moderate",20.748349,22.042664,0.794583,9.875264,625,4490,5115
"2012-05-16","spring",1,"May","No","Wednesday","Yes","Good",21.923349,23.33435,0.697917,8.208304,991,6433,7424
"2012-05-17","spring",1,"May","No","Thursday","Yes","Good",19.886651,21.792458,0.52,15.374825,1242,6142,7384
"2012-05-18","spring",1,"May","No","Friday","Yes","Good",18.515849,20.373986,0.523333,9.166739,1521,6118,7639
"2012-05-19","spring",1,"May","No","Saturday","No","Good",20.2,21.415928,0.45625,5.626325,3410,4884,8294
"2012-05-20","spring",1,"May","No","Sunday","No","Good",21.179151,22.541822,0.530417,17.042589,2704,4425,7129
"2012-05-21","spring",1,"May","No","Monday","Yes","Moderate",20.121651,21.334022,0.81125,15.624668,630,3729,4359
"2012-05-22","spring",1,"May","No","Tuesday","Yes","Moderate",20.905,22.33445,0.765833,7.917189,819,5254,6073
"2012-05-23","spring",1,"May","No","Wednesday","Yes","Moderate",21.218349,22.584392,0.774583,6.834,766,4494,5260
"2012-05-24","spring",1,"May","No","Thursday","Yes","Good",22.785,24.0422,0.716667,11.584032,1059,5711,6770
"2012-05-25","spring",1,"May","No","Friday","Yes","Good",23.96,25.416914,0.747083,9.41685,1417,5317,6734
"2012-05-26","spring",1,"May","No","Saturday","No","Good",24.5475,26.417936,0.7325,13.332464,2855,3681,6536
"2012-05-27","spring",1,"May","No","Sunday","No","Good",24.43,26.33405,0.697083,14.416457,3283,3308,6591
"2012-05-28","spring",1,"May","Yes","Monday","No","Good",25.4875,28.8338,0.67625,13.166907,2557,3486,6043
"2012-05-29","spring",1,"May","No","Tuesday","Yes","Good",25.9575,28.417472,0.684583,19.7918,880,4863,5743
"2012-05-30","spring",1,"May","No","Wednesday","Yes","Moderate",22.863349,24.334514,0.67,9.000043,745,6110,6855
"2012-05-31","spring",1,"May","No","Thursday","Yes","Good",23.96,25.667714,0.492917,13.083693,1100,6238,7338
"2012-06-01","spring",1,"June","No","Friday","Yes","Moderate",22.745849,24.125492,0.755417,15.916721,533,3594,4127
"2012-06-02","spring",1,"June","No","Saturday","No","Good",19.416651,21.375008,0.549167,12.499654,2795,5325,8120
"2012-06-03","spring",1,"June","No","Sunday","No","Good",20.3175,21.958778,0.493333,12.333829,2494,5147,7641
"2012-06-04","spring",1,"June","No","Monday","Yes","Good",20.0825,22.166678,0.487083,19.083811,1071,5927,6998
"2012-06-05","spring",1,"June","No","Tuesday","Yes","Moderate",17.419151,18.708872,0.613333,14.041525,968,6033,7001
"2012-06-06","spring",1,"June","No","Wednesday","Yes","Good",18.045849,19.791272,0.61125,5.167375,1027,6028,7055
"2012-06-07","spring",1,"June","No","Thursday","Yes","Good",20.3175,21.583172,0.567083,10.54245,1038,6456,7494
"2012-06-08","spring",1,"June","No","Friday","Yes","Good",22.510849,23.458892,0.467917,11.750661,1488,6248,7736
"2012-06-09","spring",1,"June","No","Saturday","No","Good",25.409151,26.792222,0.437083,9.667229,2708,4790,7498
"2012-06-10","spring",1,"June","No","Sunday","No","Good",26.153349,27.792122,0.538333,8.959307,2224,4374,6598
"2012-06-11","spring",1,"June","No","Monday","Yes","Moderate",25.879151,27.541586,0.587917,13.916771,1017,5647,6664
"2012-06-12","spring",1,"June","No","Tuesday","Yes","Moderate",22.706651,23.45975,0.833333,14.374582,477,4495,4972
"2012-06-13","spring",1,"June","No","Wednesday","Yes","Good",22.824151,24.333722,0.582083,22.999693,1173,6248,7421
"2012-06-14","spring",1,"June","No","Thursday","Yes","Good",22.471651,25.209278,0.569583,17.000111,1180,6183,7363
"2012-06-15","spring",1,"June","No","Friday","Yes","Good",22.040849,23.583764,0.589583,11.833339,1563,6102,7665
"2012-06-16","spring",1,"June","No","Saturday","No","Good",21.688349,23.250728,0.504167,11.166689,2963,4739,7702
"2012-06-17","spring",1,"June","No","Sunday","No","Good",19.8475,21.75035,0.59875,9.708568,2634,4344,6978
"2012-06-18","spring",1,"June","No","Monday","Yes","Moderate",18.711651,19.959572,0.777917,11.707982,653,4446,5099
"2012-06-19","spring",1,"June","No","Tuesday","Yes","Good",24.351651,27.209672,0.69,9.917139,968,5857,6825
"2012-06-20","spring",1,"June","No","Wednesday","Yes","Good",28.7775,31.58435,0.592083,7.625404,872,5339,6211
"2012-06-21","summer",1,"June","No","Thursday","Yes","Good",29.874151,33.667772,0.567917,7.958729,778,5127,5905
"2012-06-22","summer",1,"June","No","Friday","Yes","Good",28.5425,31.791986,0.57375,12.250414,964,4859,5823
"2012-06-23","summer",1,"June","No","Saturday","No","Good",26.388349,27.084272,0.534583,12.041307,2657,4801,7458
"2012-06-24","summer",1,"June","No","Sunday","No","Good",26.936651,28.500764,0.479167,9.750175,2551,4340,6891
"2012-06-25","summer",1,"June","No","Monday","Yes","Good",25.644151,27.166772,0.504167,20.125661,1139,5640,6779
"2012-06-26","summer",1,"June","No","Tuesday","Yes","Good",21.649151,23.250464,0.373333,23.292014,1077,6365,7442
"2012-06-27","summer",1,"June","No","Wednesday","Yes","Good",24.7825,26.292272,0.36,18.208925,1077,6258,7335
"2012-06-28","summer",1,"June","No","Thursday","Yes","Good",27.210849,28.583792,0.4225,11.50055,921,5958,6879
"2012-06-29","summer",1,"June","No","Friday","Yes","Good",31.205849,35.916458,0.48875,11.082939,829,4634,5463
"2012-06-30","summer",1,"June","No","Saturday","No","Good",27.955,29.375528,0.60125,10.791757,1455,4232,5687
"2012-07-01","summer",1,"July","No","Sunday","No","Good",30.344151,33.541514,0.51875,11.291443,1421,4110,5531
"2012-07-02","summer",1,"July","No","Monday","Yes","Good",28.738349,30.334508,0.447083,13.082889,904,5323,6227
"2012-07-03","summer",1,"July","No","Tuesday","Yes","Good",28.699151,30.3749,0.492083,8.457879,1052,5608,6660
"2012-07-04","summer",1,"July","Yes","Wednesday","No","Good",29.090849,32.334242,0.53875,9.04165,2562,4841,7403
"2012-07-05","summer",1,"July","No","Thursday","Yes","Good",30.8925,34.250222,0.457917,12.999943,1405,4836,6241
"2012-07-06","summer",1,"July","No","Friday","Yes","Good",30.931651,33.667178,0.450833,9.791514,1366,4841,6207
"2012-07-07","summer",1,"July","No","Saturday","No","Good",32.498349,37.124258,0.492083,10.958118,1448,3392,4840
"2012-07-08","summer",1,"July","No","Sunday","No","Good",30.6575,36.166136,0.57375,8.417143,1203,3469,4672
"2012-07-09","summer",1,"July","No","Monday","Yes","Moderate",25.409151,27.167564,0.683333,12.125325,998,5571,6569
"2012-07-10","summer",1,"July","No","Tuesday","Yes","Moderate",25.879151,27.876536,0.6675,10.166379,954,5336,6290
"2012-07-11","summer",1,"July","No","Wednesday","Yes","Good",25.683349,26.917886,0.633333,10.166111,975,6289,7264
"2012-07-12","summer",1,"July","No","Thursday","Yes","Good",25.644151,27.209078,0.529583,9.833925,1032,6414,7446
"2012-07-13","summer",1,"July","No","Friday","Yes","Moderate",26.388349,28.083578,0.485833,5.41695,1511,5988,7499
"2012-07-14","summer",1,"July","No","Saturday","No","Moderate",25.056651,27.958772,0.699167,9.626493,2355,4614,6969
"2012-07-15","summer",1,"July","No","Sunday","No","Good",27.054151,30.542936,0.717917,11.166689,1920,4111,6031
"2012-07-16","summer",1,"July","No","Monday","Yes","Good",27.876651,31.79225,0.645,11.000529,1088,5742,6830
"2012-07-17","summer",1,"July","No","Tuesday","Yes","Good",30.461651,33.875078,0.505833,7.666743,921,5865,6786
"2012-07-18","summer",1,"July","No","Wednesday","Yes","Good",29.286651,33.208478,0.577083,9.208614,799,4914,5713
"2012-07-19","summer",1,"July","No","Thursday","Yes","Good",28.19,31.166372,0.600417,11.083743,888,5703,6591
"2012-07-20","summer",1,"July","No","Friday","Yes","Moderate",23.294151,24.45965,0.844167,14.000789,747,5123,5870
"2012-07-21","summer",1,"July","No","Saturday","No","Bad",20.004151,20.294192,0.865417,14.2911,1264,3195,4459
"2012-07-22","summer",1,"July","No","Sunday","No","Moderate",23.3725,25.12625,0.7625,6.2926936,2544,4866,7410
"2012-07-23","summer",1,"July","No","Monday","Yes","Good",26.858349,29.541122,0.694167,9.291761,1135,5831,6966
"2012-07-24","summer",1,"July","No","Tuesday","Yes","Good",27.289151,30.6257,0.655,14.167418,1140,6452,7592
"2012-07-25","summer",1,"July","No","Wednesday","Yes","Good",26.035849,27.167564,0.45,11.0416,1383,6790,8173
"2012-07-26","summer",1,"July","No","Thursday","Yes","Good",28.503349,32.791358,0.596667,19.082471,1036,5825,6861
"2012-07-27","summer",1,"July","No","Friday","Yes","Good",28.738349,32.458322,0.594583,10.250464,1259,5645,6904
"2012-07-28","summer",1,"July","No","Saturday","No","Good",27.524151,30.041864,0.613333,10.54245,2234,4451,6685
"2012-07-29","summer",1,"July","No","Sunday","No","Good",25.918349,28.083578,0.62375,11.416532,2153,4444,6597
"2012-07-30","summer",1,"July","No","Monday","Yes","Good",26.349151,29.209142,0.66875,10.292339,1040,6065,7105
"2012-07-31","summer",1,"July","No","Tuesday","Yes","Good",25.526651,27.751136,0.704167,11.083475,968,6248,7216
"2012-08-01","summer",1,"August","No","Wednesday","Yes","Good",25.7225,28.042328,0.6775,9.458993,1074,6506,7580
"2012-08-02","summer",1,"August","No","Thursday","Yes","Good",27.3675,30.667808,0.659583,8.666718,983,6278,7261
"2012-08-03","summer",1,"August","No","Friday","Yes","Moderate",27.994151,31.709222,0.6425,14.458064,1328,5847,7175
"2012-08-04","summer",1,"August","No","Saturday","No","Good",29.286651,33.583622,0.613333,17.249686,2345,4479,6824
"2012-08-05","summer",1,"August","No","Sunday","No","Good",28.150849,32.251214,0.6525,19.458207,1707,3757,5464
"2012-08-06","summer",1,"August","No","Monday","Yes","Moderate",27.3675,30.876236,0.654167,8.666718,1233,5780,7013
"2012-08-07","summer",1,"August","No","Tuesday","Yes","Moderate",26.584151,30.042986,0.70375,7.832836,1278,5995,7273
"2012-08-08","summer",1,"August","No","Wednesday","Yes","Moderate",27.25,30.709322,0.672917,7.4169,1263,6271,7534
"2012-08-09","summer",1,"August","No","Thursday","Yes","Good",27.524151,30.167528,0.620417,10.4587,1196,6090,7286
"2012-08-10","summer",1,"August","No","Friday","Yes","Moderate",25.644151,28.084172,0.715833,16.000471,1065,4721,5786
"2012-08-11","summer",1,"August","No","Saturday","No","Moderate",24.5475,26.125622,0.732917,13.834093,2247,4052,6299
"2012-08-12","summer",1,"August","No","Sunday","No","Good",24.939151,26.542214,0.530417,8.208304,2182,4362,6544
"2012-08-13","summer",1,"August","No","Monday","Yes","Good",25.879151,27.708764,0.545417,9.126204,1207,5676,6883
"2012-08-14","summer",1,"August","No","Tuesday","Yes","Good",26.153349,28.667414,0.686667,11.333586,1128,5656,6784
"2012-08-15","summer",1,"August","No","Wednesday","Yes","Good",25.213349,27.166442,0.619583,11.374657,1198,6149,7347
"2012-08-16","summer",1,"August","No","Thursday","Yes","Good",25.800849,27.209408,0.519167,9.500332,1338,6267,7605
"2012-08-17","summer",1,"August","No","Friday","Yes","Good",25.996651,-0.00159999999999982,0.570833,15.500718,1483,5665,7148
"2012-08-18","summer",1,"August","No","Saturday","No","Good",23.881651,24.792686,0.603333,11.917089,2827,5038,7865
"2012-08-19","summer",1,"August","No","Sunday","No","Moderate",21.884151,23.834564,0.711667,5.79215,1208,3341,4549
"2012-08-20","summer",1,"August","No","Monday","Yes","Moderate",21.884151,23.333822,0.734167,8.708593,1026,5504,6530
"2012-08-21","summer",1,"August","No","Tuesday","Yes","Good",22.510849,23.66765,0.67375,4.8756436,1081,5925,7006
"2012-08-22","summer",1,"August","No","Wednesday","Yes","Good",23.3725,25.042364,0.677083,4.7089811,1094,6281,7375
"2012-08-23","summer",1,"August","No","Thursday","Yes","Good",24.704151,26.042528,0.635833,5.6679186,1363,6402,7765
"2012-08-24","summer",1,"August","No","Friday","Yes","Moderate",25.0175,26.7086,0.615,4.8337686,1325,6257,7582
"2012-08-25","summer",1,"August","No","Saturday","No","Moderate",23.098349,24.833936,0.712917,16.375336,1829,4224,6053
"2012-08-26","summer",1,"August","No","Sunday","No","Moderate",22.706651,23.335736,0.845833,15.333486,1483,3772,5255
"2012-08-27","summer",1,"August","No","Monday","Yes","Good",25.056651,27.209408,0.730417,8.625111,989,5928,6917
"2012-08-28","summer",1,"August","No","Tuesday","Yes","Good",26.231651,27.9593,0.62,12.791975,935,6105,7040
"2012-08-29","summer",1,"August","No","Wednesday","Yes","Good",24.195,25.958378,0.552083,7.541654,1177,6520,7697
"2012-08-30","summer",1,"August","No","Thursday","Yes","Good",25.213349,27.083414,0.590417,5.1668189,1172,6541,7713
"2012-08-31","summer",1,"August","No","Friday","Yes","Good",27.915849,29.5004,0.5875,11.291711,1433,5917,7350
"2012-09-01","summer",1,"September","No","Saturday","No","Moderate",27.406651,30.375164,0.638333,7.583529,2352,3788,6140
"2012-09-02","summer",1,"September","No","Sunday","No","Moderate",24.743349,26.834,0.815,4.2927436,2613,3197,5810
"2012-09-03","summer",1,"September","Yes","Monday","No","Good",25.2525,27.667514,0.790833,10.125107,1965,4069,6034
"2012-09-04","summer",1,"September","No","Tuesday","Yes","Good",26.114151,29.334608,0.755,15.833507,867,5997,6864
"2012-09-05","summer",1,"September","No","Wednesday","Yes","Good",26.623349,30.792878,0.74125,12.583136,832,6280,7112
"2012-09-06","summer",1,"September","No","Thursday","Yes","Moderate",24.743349,27.251714,0.810417,9.542207,611,5592,6203
"2012-09-07","summer",1,"September","No","Friday","Yes","Good",25.056651,27.375464,0.73625,11.500282,1045,6459,7504
"2012-09-08","summer",1,"September","No","Saturday","No","Moderate",22.980849,24.333986,0.799167,18.833968,1557,4419,5976
"2012-09-09","summer",1,"September","No","Sunday","No","Good",20.67,22.20905,0.5475,15.041232,2570,5657,8227
"2012-09-10","summer",1,"September","No","Monday","Yes","Good",19.416651,21.333164,0.50375,17.333771,1118,6407,7525
"2012-09-11","summer",1,"September","No","Tuesday","Yes","Good",19.1425,20.583272,0.52,6.1676314,1070,6697,7767
"2012-09-12","summer",1,"September","No","Wednesday","Yes","Good",20.160849,21.62495,0.577083,8.833682,1050,6820,7870
"2012-09-13","summer",1,"September","No","Thursday","Yes","Good",20.7875,22.250828,0.637083,5.5422936,1054,6750,7804
"2012-09-14","summer",1,"September","No","Friday","Yes","Good",21.766651,23.209478,0.6725,6.958821,1379,6630,8009
"2012-09-15","summer",1,"September","No","Saturday","No","Good",20.591651,22.667222,0.501667,16.583907,3160,5554,8714
"2012-09-16","summer",1,"September","No","Sunday","No","Good",19.26,21.16625,0.57,6.0422811,2166,5167,7333
"2012-09-17","summer",1,"September","No","Monday","Yes","Moderate",19.299151,20.5013,0.734583,10.166714,1022,5847,6869
"2012-09-18","summer",1,"September","No","Tuesday","Yes","Moderate",21.296651,21.294422,0.8725,23.958329,371,3702,4073
"2012-09-19","summer",1,"September","No","Wednesday","Yes","Good",17.9675,19.666664,0.536667,14.416725,788,6803,7591
"2012-09-20","summer",1,"September","No","Thursday","Yes","Good",17.693349,19.124672,0.618333,7.917189,939,6781,7720
"2012-09-21","summer",1,"September","No","Friday","Yes","Good",20.160849,21.750086,0.66875,10.333343,1250,6917,8167
"2012-09-22","summer",1,"September","No","Saturday","No","Good",22.55,24.292208,0.646667,19.000061,2512,5883,8395
"2012-09-23","fall",1,"September","No","Sunday","No","Good",16.870849,18.249578,0.467083,14.958286,2454,5453,7907
"2012-09-24","fall",1,"September","No","Monday","Yes","Good",16.165849,17.165858,0.492917,9.541068,1001,6435,7436
"2012-09-25","fall",1,"September","No","Tuesday","Yes","Good",17.85,19.915814,0.57,15.833507,845,6693,7538
"2012-09-26","fall",1,"September","No","Wednesday","Yes","Good",21.845,23.376458,0.630833,16.3748,787,6946,7733
"2012-09-27","fall",1,"September","No","Thursday","Yes","Moderate",22.55,24.12635,0.690833,9.000914,751,6642,7393
"2012-09-28","fall",1,"September","No","Friday","Yes","Moderate",21.100849,22.666958,0.69,10.999993,1045,6370,7415
"2012-09-29","fall",1,"September","No","Saturday","No","Good",17.4975,18.999536,0.542917,15.249468,2589,5966,8555
"2012-09-30","fall",1,"September","No","Sunday","No","Good",16.753349,18.165758,0.583333,9.042186,2015,4874,6889
"2012-10-01","fall",1,"October","No","Monday","Yes","Moderate",16.479151,17.792,0.649167,6.0838814,763,6015,6778
"2012-10-02","fall",1,"October","No","Tuesday","Yes","Bad",19.769151,19.793978,0.871667,6.999825,315,4324,4639
"2012-10-03","fall",1,"October","No","Wednesday","Yes","Moderate",22.9025,23.542778,0.79375,4.4585686,728,6844,7572
"2012-10-04","fall",1,"October","No","Thursday","Yes","Moderate",22.9025,24.12635,0.722917,7.875582,891,6437,7328
"2012-10-05","fall",1,"October","No","Friday","Yes","Good",20.905,22.292342,0.6275,7.12545,1516,6640,8156
"2012-10-06","fall",1,"October","No","Saturday","No","Good",18.045849,19.542386,0.664167,17.957675,3031,4934,7965
"2012-10-07","fall",1,"October","No","Sunday","No","Moderate",11.544151,11.707658,0.708333,9.457854,781,2729,3510
"2012-10-08","fall",1,"October","Yes","Monday","No","Moderate",10.016651,9.582128,0.709583,12.708493,874,4604,5478
"2012-10-09","fall",1,"October","No","Tuesday","Yes","Moderate",12.993349,12.915392,0.761667,12.7501,601,5791,6392
"2012-10-10","fall",1,"October","No","Wednesday","Yes","Good",16.165849,17.207372,0.630833,12.584007,780,6911,7691
"2012-10-11","fall",1,"October","No","Thursday","Yes","Good",12.445,12.457022,0.463333,12.166932,834,6736,7570
"2012-10-12","fall",1,"October","No","Friday","Yes","Good",12.5625,12.582686,0.539167,15.751164,1060,6222,7282
"2012-10-13","fall",1,"October","No","Saturday","No","Good",10.486651,9.832136,0.494583,9.791514,2252,4857,7109
"2012-10-14","fall",1,"October","No","Sunday","No","Good",16.518349,17.541464,0.640417,18.667004,2080,4559,6639
"2012-10-15","fall",1,"October","No","Monday","Yes","Moderate",18.398349,19.5839,0.7075,19.834479,760,5115,5875
"2012-10-16","fall",1,"October","No","Tuesday","Yes","Good",14.011651,14.415836,0.558333,12.208807,922,6612,7534
"2012-10-17","fall",1,"October","No","Wednesday","Yes","Good",13.424151,13.707128,0.692917,6.791857,979,6482,7461
"2012-10-18","fall",1,"October","No","Thursday","Yes","Moderate",16.5575,17.83325,0.728333,15.874779,1008,6501,7509
"2012-10-19","fall",1,"October","No","Friday","Yes","Moderate",18.476651,19.501136,0.815,9.041918,753,4671,5424
"2012-10-20","fall",1,"October","No","Saturday","No","Good",14.755849,15.207572,0.572917,7.874979,2806,5284,8090
"2012-10-21","fall",1,"October","No","Sunday","No","Good",13.815849,14.124314,0.51,11.125618,2132,4692,6824
"2012-10-22","fall",1,"October","No","Monday","Yes","Good",14.9125,15.874172,0.568333,5.4593811,830,6228,7058
"2012-10-23","fall",1,"October","No","Tuesday","Yes","Good",17.575849,19.000064,0.641667,6.3345686,841,6625,7466
"2012-10-24","fall",1,"October","No","Wednesday","Yes","Good",19.6125,20.875586,0.63625,4.8762064,795,6898,7693
"2012-10-25","fall",1,"October","No","Thursday","Yes","Moderate",17.85,18.959408,0.800417,8.333125,875,6484,7359
"2012-10-26","fall",1,"October","No","Friday","Yes","Moderate",17.654151,18.5015,0.807083,8.875289,1182,6262,7444
"2012-10-27","fall",1,"October","No","Saturday","No","Moderate",16.91,17.998778,0.72,15.791364,2643,5209,7852
"2012-10-28","fall",1,"October","No","Sunday","No","Moderate",14.4425,14.872886,0.694583,26.666536,998,3461,4459
"2012-10-29","fall",1,"October","No","Monday","Yes","Bad",12.68,13.0004,0.88,23.9994,2,20,22
"2012-10-30","fall",1,"October","No","Tuesday","Yes","Moderate",6.954554,4.453994,0.825455,14.271603,87,1009,1096
"2012-10-31","fall",1,"October","No","Wednesday","Yes","Moderate",8.8025,7.8326,0.666667,11.166689,419,5147,5566
"2012-11-01","fall",1,"November","No","Thursday","Yes","Moderate",9.194151,8.416172,0.581667,10.542182,466,5520,5986
"2012-11-02","fall",1,"November","No","Friday","Yes","Good",8.685,7.498772,0.522083,17.833725,618,5229,5847
"2012-11-03","fall",1,"November","No","Saturday","No","Moderate",8.136651,5.373836,0.49125,18.125443,1029,4109,5138
"2012-11-04","fall",1,"November","No","Sunday","No","Good",7.314151,5.749508,0.532917,12.000236,1201,3906,5107
"2012-11-05","fall",1,"November","No","Monday","Yes","Good",7.000849,4.33295,0.494167,15.833775,378,4881,5259
"2012-11-06","fall",1,"November","No","Tuesday","Yes","Good",5.199151,2.583422,0.567083,11.625371,466,5220,5686
"2012-11-07","fall",1,"November","No","Wednesday","Yes","Moderate",5.904151,2.124986,0.5475,20.375236,326,4709,5035
"2012-11-08","fall",1,"November","No","Thursday","Yes","Good",8.552178,6.564806,0.333478,23.304945,340,4975,5315
"2012-11-09","fall",1,"November","No","Friday","Yes","Good",8.998349,7.457258,0.540833,14.375386,709,5283,5992
"2012-11-10","fall",1,"November","No","Saturday","No","Good",10.290849,9.999842,0.645417,3.8756686,2090,4446,6536
"2012-11-11","fall",1,"November","No","Sunday","No","Good",11.779151,11.833058,0.659167,8.5425,2290,4562,6852
"2012-11-12","fall",1,"November","Yes","Monday","No","Good",14.795,15.375278,0.741667,11.625639,1097,5172,6269
"2012-11-13","fall",1,"November","No","Tuesday","Yes","Moderate",8.136651,5.33285,0.662917,22.917082,327,3767,4094
"2012-11-14","fall",1,"November","No","Wednesday","Yes","Good",5.590849,2.583158,0.552083,13.374875,373,5122,5495
"2012-11-15","fall",1,"November","No","Thursday","Yes","Moderate",7.118349,5.416472,0.620417,10.250129,320,5125,5445
"2012-11-16","fall",1,"November","No","Friday","Yes","Good",8.215,6.915464,0.524583,11.458675,484,5214,5698
"2012-11-17","fall",1,"November","No","Saturday","No","Good",7.275,5.541278,0.545417,12.041843,1313,4316,5629
"2012-11-18","fall",1,"November","No","Sunday","No","Good",8.0975,6.291236,0.692917,15.250004,922,3747,4669
"2012-11-19","fall",1,"November","No","Monday","Yes","Moderate",9.899151,8.790986,0.623333,15.749489,449,5050,5499
"2012-11-20","fall",1,"November","No","Tuesday","Yes","Moderate",9.585849,9.124022,0.685,5.542575,534,5100,5634
"2012-11-21","fall",1,"November","No","Wednesday","Yes","Good",8.606651,8.082872,0.61375,6.917482,615,4531,5146
"2012-11-22","fall",1,"November","Yes","Thursday","No","Good",7.98,7.124486,0.580417,3.5423436,955,1470,2425
"2012-11-23","fall",1,"November","No","Friday","Yes","Good",9.311651,8.999414,0.56875,9.917407,1603,2307,3910
"2012-11-24","fall",1,"November","No","Saturday","No","Good",5.081651,0.416971999999998,0.404583,25.250357,532,1745,2277
"2012-11-25","fall",1,"November","No","Sunday","No","Good",3.554151,1.000478,0.468333,10.0835,309,2115,2424
"2012-11-26","fall",1,"November","No","Monday","Yes","Good",6.726651,6.374264,0.535417,3.12555,337,4750,5087
"2012-11-27","fall",1,"November","No","Tuesday","Yes","Moderate",5.708349,2.582828,0.786667,15.916654,123,3836,3959
"2012-11-28","fall",1,"November","No","Wednesday","Yes","Good",5.943349,3.124292,0.50625,14.125007,198,5062,5260
"2012-11-29","fall",1,"November","No","Thursday","Yes","Good",5.20089,3.695852,0.555652,7.739974,243,5080,5323
"2012-11-30","fall",1,"November","No","Friday","Yes","Good",6.021651,5.375222,0.649583,3.9175436,362,5306,5668
"2012-12-01","fall",1,"December","No","Saturday","No","Moderate",6.021651,4.915664,0.806667,4.0001814,951,4240,5191
"2012-12-02","fall",1,"December","No","Sunday","No","Moderate",8.3325,7.707728,0.823333,8.333393,892,3757,4649
"2012-12-03","fall",1,"December","No","Monday","Yes","Good",13.2675,14.082536,0.7675,5.5422936,555,5679,6234
"2012-12-04","fall",1,"December","No","Tuesday","Yes","Good",14.364151,14.957564,0.73375,11.666643,551,6055,6606
"2012-12-05","fall",1,"December","No","Wednesday","Yes","Good",12.601651,12.248792,0.485,21.709407,331,5398,5729
"2012-12-06","fall",1,"December","No","Thursday","Yes","Good",4.024151,1.041464,0.50875,11.708518,340,5035,5375
"2012-12-07","fall",1,"December","No","Friday","Yes","Moderate",7.079151,5.249228,0.764167,8.7502,349,4659,5008
"2012-12-08","fall",1,"December","No","Saturday","No","Moderate",9.938349,9.707528,0.91125,6.792393,1153,4429,5582
"2012-12-09","fall",1,"December","No","Sunday","No","Moderate",10.055849,9.749636,0.905417,10.584325,441,2787,3228
"2012-12-10","fall",1,"December","No","Monday","Yes","Moderate",12.484151,12.74795,0.925,12.750636,329,4841,5170
"2012-12-11","fall",1,"December","No","Tuesday","Yes","Moderate",8.606651,6.331958,0.596667,19.834479,282,5219,5501
"2012-12-12","fall",1,"December","No","Wednesday","Yes","Moderate",5.9825,3.624308,0.538333,10.916779,310,5009,5319
"2012-12-13","fall",1,"December","No","Thursday","Yes","Good",5.904151,3.416408,0.485833,11.666643,425,5107,5532
"2012-12-14","fall",1,"December","No","Friday","Yes","Good",5.238349,3.416672,0.642917,8.792343,429,5182,5611
"2012-12-15","fall",1,"December","No","Saturday","No","Good",7.235849,6.333278,0.650417,7.12545,767,4280,5047
"2012-12-16","fall",1,"December","No","Sunday","No","Moderate",9.0375,8.415908,0.83875,6.749714,538,3248,3786
"2012-12-17","fall",1,"December","No","Monday","Yes","Moderate",10.486651,10.499,0.907083,6.5833061,212,4373,4585
"2012-12-18","fall",1,"December","No","Tuesday","Yes","Good",11.309151,11.040728,0.66625,14.834068,433,5124,5557
"2012-12-19","fall",1,"December","No","Wednesday","Yes","Good",7.6275,6.582692,0.625417,12.334164,333,4934,5267
"2012-12-20","fall",1,"December","No","Thursday","Yes","Moderate",7.51,6.124322,0.667917,8.875021,314,3814,4128
"2012-12-21","winter",1,"December","No","Friday","Yes","Moderate",7.353349,3.916622,0.556667,25.083661,221,3402,3623
"2012-12-22","winter",1,"December","No","Saturday","No","Good",4.494151,-0.416542000000002,0.44125,27.292182,205,1544,1749
"2012-12-23","winter",1,"December","No","Sunday","No","Good",3.554151,1.125086,0.515417,8.916561,408,1379,1787
"2012-12-24","winter",1,"December","No","Monday","Yes","Moderate",2.871288,1.0874,0.791304,5.1744368,174,746,920
"2012-12-25","winter",1,"December","Yes","Tuesday","No","Moderate",5.691288,3.43469,0.734783,11.304642,440,573,1013
"2012-12-26","winter",1,"December","No","Wednesday","Yes","Bad",3.436651,-1.458022,0.823333,21.208582,9,432,441
"2012-12-27","winter",1,"December","No","Thursday","Yes","Moderate",3.945849,-1.041628,0.652917,23.458911,247,1867,2114
"2012-12-28","winter",1,"December","No","Friday","Yes","Moderate",3.906651,0.833036,0.59,10.416557,644,2451,3095
"2012-12-29","winter",1,"December","No","Saturday","No","Moderate",3.906651,-0.00159999999999982,0.752917,8.333661,159,1182,1341
"2012-12-30","winter",1,"December","No","Sunday","No","Good",4.024151,-0.707800000000001,0.483333,23.500518,364,1432,1796
"2012-12-31","winter",1,"December","No","Monday","Yes","Moderate",2.144151,-1.249858,0.5775,10.374682,439,2290,2729
